0,Bill Paterson
1,Guillermo Navarro
2,Diana Lin
3,Mckenna Grace
4,Steven Yeun
5,Michael Dorman
6,Lewis MacDougall
7,Chris Ellis
8,Ana de Armas
9,Sev Ohanian
10,Jennifer Aniston
11,Tim Coddington
12,Richard Kline
13,Jennifer Jason Leigh
14,Michael Patrick Nicholson
15,Peter Sorg
16,Eartha Robinson
17,Cooper Andrews
18,Janelle Monáe
19,Emma Tillinger Koskoff
20,Charlie Kilgore
21,Phyllis Smith
22,Lea Salonga
23,Melanie Lynskey
24,David Lancaster
25,Patsy Ferran
26,Don Brochu
27,Adrian Molina
28,Henry Jones
29,Harrison Ford
30,Lenny Kravitz
31,Shirin Aghakashi
32,Hayley Squires
33,Tom Lassally
34,Rosemarie DeWitt
35,Caitlin Fisher
36,Cornelius Uliano
37,Frank W. Abagnale
38,Jane Ann Stewart
39,Andrew Macdonald
40,Ralph Eggleston
41,James Caan
42,Adele Lim
43,Daniel Craig
44,America Ferrera
45,Caitlin Carver
46,Karen Lunder
47,Kevin Loader
48,Emma Thompson
49,Carrie Fisher
50,Mary Hollis Inboden
51,Nathan Lane
52,Amanda Langlet
53,Ed Catmull
54,Nina Jacobson
55,Tim Bevan
56,Mark Strong
57,Catherine Curtin
58,Marc Platt
59,Andrea Eckert
60,Tim Squyres
61,Jan Pinkava
62,Carla Gugino
63,Nicolas Duval-Adassovsky
64,Scott Menville
65,Hijiri Taguchi
66,Shannon McIntosh
67,Minnie Driver
68,Harry Styles
69,Julie Dash
70,Nthabiseng Kenoshi
71,J.R. Young
72,Kate Amend
73,J.K. Rowling
74,Steve McQueen
75,Issa Rae
76,Vernon Dobtcheff
77,Liam Neeson
78,Ryan Coogler
79,Gigi Pritzker
80,Victor Garber
81,Peter Berg
82,Paul Webster
83,Rosamund Pike
84,Julie Yorn
85,Rob Minkoff
86,Victoria Smurfit
87,Stephen Scarlata
88,Roger Corman
89,David Bower
90,Nina Arianda
91,Ana Lily Amirpour
92,David Wasco
93,Emma Greenwell
94,Peter Baynham
95,Tilda Swinton
96,Yahya Abdul-Mateen II
97,Ivana Baquero
98,Bojan Bazelli
99,Matthew Lawrence
100,Lisa Kudrow
101,Philip Westgren
102,Martin G. Baker
103,Gillian Flynn
104,Jacqueline Obradors
105,Atticus Shaffer
106,Larry Fessenden
107,Adam Hendricks
108,John Krasinski
109,Spike Jonze
110,Tim Gamble
111,Keanu Reeves
112,Marc Abrams
113,Jaeden Lieberher
114,Joe Passarelli
115,Mick O'Rourke
116,Hugo Weaving
117,Rachel McAdams
118,Frank Mottek
119,Saara Chaudry
120,Fred Roos
121,C.O. Erickson
122,Wyatt Dean Hall
123,Laara Sadiq
124,Sylvia Hoeks
125,Javier Álvarez
126,James Cameron
127,Ben Whishaw
128,Roman Coppola
129,Ross Katz
130,John Francis Daley
131,Collin Chou
132,Luciana Arrighi
133,Cynthia Erivo
134,Ryan Spindell
135,Bernat Vilaplana
136,Kevin Feige
137,Justin Nappi
138,Michael Schwartz
139,Arthur Gorson
140,Constance Wu
141,Laura Rister
142,Jo Willems
143,Callum McDougall
144,Kira Powell
145,Michael Hyatt
146,Alva Rogers
147,Andrew Lesnie
148,Vincent Landay
149,Morgan Freeman
150,John Stevenson
151,Jun Jong-seo
152,Joel Silver
153,Alexander Payne
154,Alex Garland
155,Bob Persichetti
156,Martin Scorsese
157,Francis Lee
158,Rose Garnett
159,Peter Andrews
160,Evan Alex
161,Mario Iván Martínez
162,Rubina Ali
163,Peter Sohn
164,Nancy Cartwright
165,Ronald Sanders
166,Aneurin Barnard
167,Florence Pugh
168,Min Bok-gi
169,Stuart M. Besser
170,Amy Morton
171,Rick Heinrichs
172,Cathy Adamek
173,Kumail Nanjiani
174,Barry Kemp
175,Caterina Murino
176,Rodolphe Pauly
177,Nicole Mitchell
178,Lester Greene
179,Kit Harington
180,Kristin Scott Thomas
181,Guillermo del Toro
182,Fumihiro Hayashi
183,James Wilson
184,Yoji Takeshige
185,Peter Kay
186,Dominique Reymond
187,Miranda Bailey
188,Thomas Langmann
189,Jane Austen
190,Barry Pepper
191,Shih-Ching Tsou
192,Chris Bunton
193,Nick Moceri
194,Hannah Rae
195,Djoko Rossich
196,Oona Laurence
197,Ben Moor
198,Zbigniew Zamachowski
199,Brian McNamara
200,David Crockett
201,Hugh Laurie
202,Conrad Vernon
203,Victoire Du Bois
204,Daniel Noah
205,Susan Sarandon
206,Tony DeRosa-Grund
207,Jaeden Martell
208,Sean Harris
209,Pete Postlethwaite
210,Tracey Ullman
211,John-Henry Butterworth
212,John DiMaggio
213,Bradley Pierce
214,Billy Fox
215,Spike Lee
216,Ryan Eggold
217,Jonathan Groff
218,Samuel L. Jackson
219,Ariadna Gil
220,Clancy Brown
221,Niv Fichman
222,Keri Russell
223,Felicity Jones
224,Kate Dickie
225,Anne Dudley
226,Missi Pyle
227,John Nordling
228,Wojciech Golczewski
229,Michael Schaefer
230,Russell Carpenter
231,Anita Doron
232,Kaoru Matsuzaki
233,Lia Buman
234,Jude Law
235,Jay Van Hoy
236,Kimberly Quinn
237,Hadley Belle Miller
238,Seth Rogen
239,Karin Konoval
240,Ron Yerxa
241,Jinko Gotoh
242,Rose Caiola
243,Matt Holloway
244,Javier Navarrete
245,Alan Alda
246,Joanna Lumley
247,Asghar Farhadi
248,Jane Adams
249,Angourie Rice
250,Macon Blair
251,Beau Knapp
252,Jennifer Tilly
253,Katherine Langford
254,Pelle Nilsson
255,Robert Lopez
256,Judd Hirsch
257,Scarlett Amaris
258,Eric Rohmer
259,Albert Brooks
260,Bryan Singer
261,Gastón Pavlovich
262,Ron Livingston
263,Woody Allen
264,Diarmid Scrimshaw
265,Brad Pitt
266,Freddie Francis
267,Naomie Harris
268,Juan Carlos Colombo
269,Andrew Starke
270,Daniel Zovatto
271,Edward Norton
272,Brontis Jodorowsky
273,Cillian Murphy
274,André Holland
275,Finn Wolfhard
276,Joe Alwyn
277,Annette Bening
278,Nik Pajic
279,Richard Sakai
280,Lou Romano
281,Elaine Stritch
282,Tim Hands
283,Jonathan Brugh
284,Jeff Cronenweth
285,Christian Colson
286,Denzil Smith
287,Daniel Goldhaber
288,Jaume Roures
289,Richard Cawthorne
290,Akiva Schaffer
291,Finola Dwyer
292,Martin Childs
293,Jonathan Mason
294,Tarell Alvin McCraney
295,Magda Szubanski
296,Walter Lassally
297,Ma Dong-seok
298,Bill Hader
299,Don Cheadle
300,Anne Seibel
301,Paul Dano
302,Olivier Courson
303,Eamonn Walker
304,Jon Bernthal
305,Shane Brady
306,Carl Beukes
307,Marianne Jean-Baptiste
308,Lauren Shuler Donner
309,Bryce Dallas Howard
310,Meryl Streep
311,Randall Duk Kim
312,Jeanette Brill
313,Leslie Berriman
314,Tony Hale
315,Steve Pemberton
316,Todd Phillips
317,Dawn French
318,Mel Rodriguez
319,Jason Isaacs
320,David Finfer
321,Barry Shabaka Henley
322,Anthony Brandon Wong
323,Lucas Hedges
324,Rene Russo
325,Jesse Williams
326,Eli Bush
327,Francis Lawrence
328,James Carville
329,Yvonne Orji
330,Nathan Greno
331,Juliet Doherty
332,Dave Neustadter
333,Julian Black Antelope
334,Rosie Huntington-Whiteley
335,Ema Horvath
336,Pawel Pawlikowski
337,Ellar Coltrane
338,Feng Xiaogang
339,Nick Hornby
340,Tavi Gevinson
341,Hayedeh Safiyari
342,Patrick Stewart
343,Bryan Bertino
344,William Fay
345,Quei Tann
346,Nick Park
347,Adrien Brody
348,Topher Grace
349,T. Justin Ross
350,Tate Ellington
351,Roger Casamajor
352,Alexandre Mallet-Guy
353,Dana Millican
354,Donald W. Ernst
355,Ted Griffin
356,Jonathan Sehring
357,Jill Wilfert
358,Betty Seamans
359,B.D. Wong
360,Jorgen Klubien
361,Michaela Watkins
362,Woo-sik Choi
363,Lillete Dubey
364,Ali Abbasi
365,Marshall Napier
366,Craig Robinson
367,Bruce Dern
368,Ron Halpern
369,Anthony Bellew
370,Robbie Ryan
371,Jon Berg
372,Tara Strong
373,Elijah Wood
374,Matthew Teevan
375,William Chartoff
376,Skyler Gisondo
377,Brad Lewis
378,Christopher Mintz-Plasse
379,Teri Hatcher
380,John Sayles
381,Jake Sim
382,Nicholas Monsour
383,Callie Hernandez
384,John Hurt
385,Andreas Katsulas
386,Ian Chen
387,Aaron Sorkin
388,David Klawans
389,Riz Ahmed
390,John Ajvide Lindqvist
391,Alex Kalognomos
392,Robert Friedland
393,Barbara Broccoli
394,Rupert Friend
395,Philip Seymour Hoffman
396,Lily Holleman
397,Travis Oates
398,Cathy Schulman
399,Jack Quaid
400,Michael Sackler
401,Lily Tomlin
402,Joseph Gordon-Levitt
403,Joanne Rogers
404,David Sproxton
405,Barry Jenkins
406,Aaron Eckhart
407,Simon McBurney
408,Autumn Dea
409,Hailee Steinfeld
410,Peter Gustafsson
411,Kerry Marshall
412,James Gunn
413,Anurag Kashyap
414,Shozo Ichiyama
415,Edward H. Hamm Jr.
416,Dallas Sonnier
417,Rodney Ascher
418,James L. Brooks
419,Claudia Bluemhuber
420,Caroline Ward
421,Kate Lumpkin
422,Jared Gilman
423,Meredith Hagner
424,Jean Dujardin
425,Valdís Óskarsdóttir
426,Nesta Cooper
427,Douglas Seale
428,T.J. Miller
429,Clive Pearse
430,Catherine Dumonceaux
431,Jeff Cruts
432,Matt Charman
433,Allan Heinberg
434,Andrew Scheinman
435,Anne Bancroft
436,Cory Michael Smith
437,Josh O'Connor
438,Donald Graham Burt
439,Raúl Dávalos
440,Laura Dern
441,Allison Schroeder
442,Jake Myers
443,Seth Grahame-Smith
444,Jake Lacy
445,Ralph Ineson
446,Jane Jenkins
447,Lili Simmons
448,Jacob Batalon
449,Haskell Wexler
450,Sope Dirisu
451,Christian Bale
452,Fede Alvarez
453,Julian Richings
454,Abigail Pniowsky
455,Damon Lindelof
456,Stellan Skarsgard
457,Masatoshi Nagase
458,Amiah Miller
459,J.T. Walsh
460,Choi Seung-Ho
461,Hui-Ling Wang
462,Martin Freeman
463,Michelle Raimo
464,Keegan-Michael Key
465,Josh Pence
466,Charlize Theron
467,Chris Hemsworth
468,Marisa Tomei
469,Clara Young
470,Halle Berry
471,Chay Carter
472,Liam Thomas
473,Ben Shenkman
474,Bryan Woods
475,David Distenfeld
476,Alison Lohman
477,Mark Huffam
478,Ged Doherty
479,Michael J. Travers
480,Junie Lowry-Johnson
481,Jeremy Northam
482,Guillaume Schiffman
483,Denise Gough
484,Cornell John
485,Esther Garrel
486,Remi Weekes
487,Brenda Blethyn
488,Katia Bokor
489,Penelope Wilton
490,Emily Taaffe
491,Manolo Solo
492,Charles Halford
493,Susanna Fogel
494,Lisa Zeno Churgin
495,Alanna Ubach
496,Bob Weinstein
497,Nora Navas
498,Hai Yan
499,Grant Heslov
500,Ian Blume
501,Conchata Ferrell
502,Stephen Tenenbaum
503,John Gallagher Jr.
504,Donna Murphy
505,Derek Kolstad
506,Oliver Jackson-Cohen
507,Michael Seresin
508,Dorothy Berwin
509,Ian Holm
510,Christopher McDonald
511,Nick Searcy
512,Christophe Beck
513,Lili Taylor
514,Don Jakoby
515,James Ellroy
516,Anna Hutchison
517,Frederick A. Pfaff
518,Shameik Moore
519,David Hyde Pierce
520,Chris Lebenzon
521,Kyle Chandler
522,Jeffrey Silver
523,M. David Mullen
524,Shaun R. Clarke
525,Christopher Nolan
526,Gerrit Graham
527,David Leitch
528,Ryan Reynolds
529,Chen Chang
530,David Ellison
531,Una Damon
532,Karey Kirkpatrick
533,Randy Evans
534,Stephen Merchant
535,Anthony Hopkins
536,Maggie Smith
537,Elliot Knight
538,Joel Murray
539,Moira Kelly
540,Édith Scob
541,Carl Molinder
542,Paddi Edwards
543,Eve Hewson
544,Kirk Morri
545,Basil Iwanyk
546,Michael Arndt
547,Kurt Braunohler
548,Richard Sheridan
549,Maya Rudolph
550,Peter Strickland
551,Polly Platt
552,Joel Cohen
553,J.A. Bayona
554,Miranda Richardson
555,Benedict Hardie
556,Noah Emmerich
557,Zoe Kazan
558,Neil Tennant
559,Jane Lynch
560,Allison Janney
561,Bill Pope
562,Will Forte
563,John Sparkes
564,Charles Sturridge
565,Nicholas Hamilton
566,Ian Cooper
567,Paul F. Tompkins
568,Jamie Lee Curtis
569,Morfydd Clark
570,Ron Perlman
571,James Wan
572,John Cusack
573,Michael Jelenic
574,Olivia Welch
575,Alex Ricciardi
576,Kevin Rankin
577,Noorin Gulamgaus
578,Emmanuel Lubezki
579,James Melville
580,Dave Alex Riddett
581,Jane Schonberger
582,Rashida Jones
583,Dominique Fishback
584,Leslee Feldman
585,Rose English
586,Awkwafina
587,Tom Stoppard
588,L. Scott Caldwell
589,Amanda Silver
590,Rick Ducommun
591,Gail Stevens
592,Billy Crudup
593,Lee Dong-ha
594,Alan Arkin
595,Raoul Trujillo
596,Hayden Szeto
597,Chow Yun-Fat
598,Dakota Johnson
599,Ang Lee
600,Darren Aronofsky
601,Barry Sonnenfeld
602,Billy Crystal
603,Winona Ryder
604,Mike Newell
605,Cooper Raiff
606,Farid Sajjadi Hosseini
607,Dean Chaumoo
608,Jeremy Latcham
609,Sissy Spacek
610,Tony McNamara
611,Brenda Song
612,Caroline Thompson
613,Jeanette Volturno
614,Sebastián Lelio
615,Peter Spears
616,Dylan Kenin
617,Carla Juri
618,Gustavo Matheu
619,Jennifer Irwin
620,Curtis 50 Cent Jackson
621,Christopher Sayegh
622,Beth Grant
623,Abbie Cornish
624,Mati Diop
625,Nancy Steiner
626,Dan Gilroy
627,Erin Westerman
628,Pippa Harris
629,Robert Duvall
630,Alfred Molina
631,Clayton Jacobson
632,Jemma Moore
633,Reza Sixo Safai
634,Idina Menzel
635,Bradley Cooper
636,Aldric La'Auli Porter
637,Sean Astin
638,Chase Palmer
639,Jorge Antonio Guerrero
640,Daniel Henshall
641,Roberto Orci
642,Mollie Milligan
643,Song Kang-ho
644,Jeanne Balibar
645,Liv Tyler
646,Barry Ackroyd
647,Marty Bowen
648,Graham Beckel
649,Ken Kelsch
650,Sylvester Stallone
651,Peter Rida Michail
652,Jade Healy
653,Keith Cunningham
654,Armie Hammer
655,Jonathan Nolan
656,Jennifer Edwards-Hughes
657,Dean-Charles Chapman
658,Linda Reisman
659,Bob Peck
660,Adam Schroeder
661,Blair Breard
662,Noah Jupe
663,Alan Tudyk
664,Bob Ducsay
665,Jeff Nathanson
666,Laura Waddell
667,Jehane Noujaim
668,Chris Buck
669,Chad Guerrero
670,Joely Richardson
671,Charlie Kaufman
672,J.K. Simmons
673,Vicky Krieps
674,Mehdi Kooshki
675,Brianna Hildebrand
676,Will Poulter
677,Wolfgang Petersen
678,Boots Riley
679,Slaine
680,Jason Blum
681,Morgan Saylor
682,Richard Madden
683,Jemma Redgrave
684,Frank Langella
685,Olga Kurylenko
686,Matt Stuecken
687,Ben Grant
688,John Lithgow
689,Chris Parker
690,Tom Cross
691,Nick Higgins
692,James Schamus
693,John Cleese
694,Brian Duffield
695,Jesse Eisenberg
696,James Cromwell
697,Emile Sherman
698,Armande Boulanger
699,Isa Mazzei
700,Isiah Whitlock Jr.
701,Maryse Alberti
702,Matt Letscher
703,Andrew Hull
704,Mark Gustafson
705,Samantha Sloyan
706,M. Emmet Walsh
707,Hie-bong Byeon
708,Debbie Williams
709,Andrew Bachelor
710,Zsolt Páll
711,Marc Bienstock
712,Evan Goldberg
713,Finn Wittrock
714,Larry Block
715,Lanny Joon
716,James Horner
717,Jessica Stevenson
718,Dan Mindel
719,Trent Luckinbill
720,Genki Kawamura
721,Murielle Telio
722,Ray Winstone
723,Michael Crichton
724,Joe Medjuck
725,Dan Cohen
726,YelaWolf
727,Tomasz Kot
728,Simon Baker-Denny
729,Chris Butler
730,David Hewlett
731,Peter Gallagher
732,Simon Pegg
733,Miky Lee
734,Stephen Root
735,Osnat Shurer
736,Marcus Henderson
737,Danny DeVito
738,James Biddle
739,Hannes Thanheiser
740,Bill Isler
741,Colin Farrell
742,Delroy Lindo
743,Daniel Baur
744,Joseph Mazzello
745,Stuart Rutherford
746,John Carroll Lynch
747,Frida Torresblanco
748,Michael Barnathan
749,Julianne Nicholson
750,Mike Gabriel
751,Kathryn Bigelow
752,Zhaoping Wei
753,Dafne Keen
754,Joon-ho Bong
755,James Newton Howard
756,Mark W. Mansbridge
757,Ines Laimins
758,Jason Cloth
759,John Magaro
760,Michael London
761,Quentin Tarantino
762,John Ralston
763,Cynthia Stevenson
764,Anthony Russo
765,Joe Stillman
766,David Freedman
767,Susan Jaffe
768,Tim Kirk
769,Aldis Hodge
770,Jared Stern
771,Jeanne Tripplehorn
772,John Hubbard
773,Jim Lovell
774,Chris Noonan
775,Frank Grillo
776,Nicole Holofcener
777,Kevin Kline
778,Mark L. Taylor
779,Kurt Fuller
780,Flora Diaz
781,Leanne Saunders
782,Tim Harvey
783,Harry Dean Stanton
784,James Coburn
785,Martin Sheen
786,Nira Park
787,Shaun Redick
788,Liza Chasin
789,Daniel Dubiecki
790,Thorsten Schumacher
791,Jason Mantzoukas
792,Cathleen Sutherland
793,Daniel Bekerman
794,Madeleine Harris
795,Wass Stevens
796,Theodore Melfi
797,Whoopi Goldberg
798,Evangeline Lilly
799,Phedon Papamichael
800,Anupam Kher
801,Shakira
802,Christopher Ford
803,Ken Schretzmann
804,Brian Delate
805,Benjamin Whitrow
806,William Steig
807,Timothy Spall
808,John Logan
809,James Marsden
810,Neel Sethi
811,Faran Tahir
812,Fred Willard
813,Sasha Barrese
814,Christian Zagia
815,Anna Boden
816,Gemma Hurley
817,Mary Gibbs
818,Peter Fitz
819,Drew Goddard
820,Oleg Petrov
821,Mary Sweeney
822,Karen Janszen
823,Matt Bettinelli-Olpin
824,Jang Hyejin
825,Tobias Segal
826,Michael Fassbender
827,Whit Stillman
828,Francis Guinan
829,Chiwetel Ejiofor
830,Michael X. Sommers
831,Sheila Vand
832,Jacki Weaver
833,Josh McLaglen
834,Christine Cavanaugh
835,Pedro Almodóvar
836,Bobby Block
837,Brooke Smith
838,Kristen Wiig
839,Dan Fogelman
840,Patricia Whitcher
841,Olivia Hamilton
842,Eddie Redmayne
843,Michael Caine
844,Douglas E. Hansen
845,Couper Samuelson
846,Alexandre Desplat
847,Michael Maloney
848,Huell Howser
849,Kurt Russell
850,Adam Schlagman
851,Brian Howe
852,Christian Wagner
853,Brigitte Broch
854,Jessica Elbaum
855,James Bobin
856,Derek Jacobi
857,Alison Fernandez
858,Kevin Ishioka
859,Nina Wolarsky
860,Daniel Day-Lewis
861,Daniel Mays
862,Scott Neustadter
863,Benjamin Bratt
864,Emmanuelle Riva
865,Israel Broussard
866,Richard Attenborough
867,Brad Bird
868,Sean Bean
869,Len Blavatnik
870,Ken Jeong
871,Jason Reitman
872,Marc Bonny
873,Luke Prael
874,Joby Harold
875,Rossif Sutherland
876,Andrew Form
877,Joe Ranft
878,Kevin Misher
879,Michael Giacchino
880,Robyn Nevin
881,Marco Graf
882,Russell Hornsby
883,Justin Timberlake
884,Bill Kelly
885,Claire Foy
886,Alicia Vikander
887,Sean Byrne
888,Danny Trejo
889,Francesca Barra
890,Al Williams
891,Stacy Cohen
892,Jackie van Beek
893,Lesley Manville
894,Chris Sanders
895,Dan Trachtenberg
896,Lauren Fitzsimmons
897,Hanno Pöschl
898,Rob Huebel
899,Badie Ali
900,Garret Dillahunt
901,Frederick Elmes
902,Wyck Godfrey
903,Jessica McNamee
904,Brian McEntee
905,Angus Wall
906,Aneesh Chaganty
907,Nathan Kahane
908,Jason McGatlin
909,Marita Geraghty
910,Pete Docter
911,Owen Wilson
912,Randy Newman
913,Piper Perabo
914,Mason Gooding
915,Howard Ashman
916,Guy Hibbert
917,Naomi Watts
918,Chris Elliott
919,Sumalee Montano
920,Brian Kesinger
921,Gwyneth Paltrow
922,Tom McCarthy
923,Miranda Hart
924,Michael Keaton
925,Ola Rapace
926,Clark Spencer
927,Chris deFaria
928,Guy Pearce
929,Steven Spielberg
930,Kathrine Narducci
931,Julia Louis-Dreyfus
932,Charlie Wachtel
933,Greta Scacchi
934,Owen Burke
935,Jake Weary
936,John Legend
937,Bryan Burk
938,Gina Rodriguez
939,Gabby Revilla Lugo
940,Randall Emmett
941,Hampton Fancher
942,Arline Burks Gant
943,Idris Elba
944,John Mahoney
945,Xander Berkeley
946,Ashley Eckstein
947,Wesley Coller
948,Alan Moloney
949,Timothy Shriver
950,Amadou Mbow
951,Tripp Vinson
952,Chris McKay
953,Tami Sagher
954,Alex Scharfman
955,Pamela Harvey-White
956,Bruce Sharman
957,Betsy Danbury
958,Paul Giamatti
959,Arnon Milchan
960,Darren Holmes
961,Walter Fasano
962,Kick Gurry
963,Soma Chhaya
964,Robert Capron
965,Zack Gottsagen
966,Nathalie Baye
967,The Newton Brothers
968,Samara Weaving
969,Stephen McFeely
970,Jane Rosenthal
971,George Para
972,Wunmi Mosaku
973,Declan Hannigan
974,David Arquette
975,Michael Peterson
976,Sarah Vowell
977,Jim Broadbent
978,Dylan Clark
979,Jean-Baptiste de Laubier
980,Rex Everhart
981,Abbey Lee
982,Haluk Bilginer
983,Rachel Klein
984,Jon Gregory
985,Phil Daniels
986,Karen Gillan
987,Robert Bailey Jr.
988,Per Ragnar
989,David Robert Mitchell
990,Ian Keiser
991,Rachel Covey
992,Alejandro González Iñárritu
993,Julie Goldstein
994,Jane Levy
995,Zenobia Shroff
996,Tim Robbins
997,Steven Rales
998,Seamus Davey-Fitzpatrick
999,Anne Lambton
1000,Michael Chinich
1001,Lance Acord
1002,Ursula Strauss
1003,Dustin Hoffman
1004,Frank Passingham
1005,Josh Gad
1006,Henry Golding
1007,Dominic Boyle
1008,Clint Mansell
1009,Seamus McGarvey
1010,Charles Grodin
1011,Rebecca Green
1012,Andrew Barrer
1013,Zhang Ziyi
1014,Glen Keane
1015,Bridget Savage Cole
1016,Robby Merkin
1017,Justin Benson
1018,Declan Quinn
1019,Peter Jason
1020,Ben Pronsky
1021,Michelle La
1022,Rafi Gavron
1023,Dominique Louis
1024,Julianne Moore
1025,Jason Clark
1026,Youree Henley
1027,David Clennon
1028,Alex Saks
1029,Carla Bruni
1030,Pat Carroll
1031,Chadwick Boseman
1032,Mary Beth Fisher
1033,Elizabeth Olsen
1034,Sky Ferreira
1035,Blake Jenner
1036,Ashlie Atkinson
1037,Brian Helgeland
1038,Matthew Aldrich
1039,Richard Brake
1040,Jack McBrayer
1041,Tony Lawson
1042,Kenneth Lonergan
1043,Evie Thompson
1044,Henning Molfenter
1045,Jaden Piner
1046,Cameron Diaz
1047,Ayanna Berkshire
1048,Barrie M. Osborne
1049,Simon Oakes
1050,Judi Dench
1051,Eduardo Serra
1052,Babak Karimi
1053,Alfonso Arau
1054,Katsu Hoshi
1055,Neal Edelstein
1056,Sihung Lung
1057,Donna Gigliotti
1058,Jon Kilik
1059,Debra Granik
1060,Shahadi Wright Joseph
1061,Paul Smith
1062,Yaya DaCosta
1063,Kevin Scott Frakes
1064,Charisse M. Hewitt
1065,Austin Stowell
1066,Barbara Muschietti
1067,Michael Kelly Williams
1068,Hannibal Buress
1069,Bruna Papandrea
1070,Bella Heathcote
1071,Penelope Ann Miller
1072,Petra Jönsson
1073,Laura D. Smith
1074,Vincent D'Onofrio
1075,Robert Altman
1076,Jason Segel
1077,Rebecca Blunt
1078,Brad Simpson
1079,Robert Elswit
1080,Travis Knight
1081,Tate Donovan
1082,Elyse Levesque
1083,Tony Revolori
1084,Scott Alexander
1085,David L. Wolper
1086,Wes Bentley
1087,Mira Nair
1088,Nora Twomey
1089,Mick Foley
1090,Loren Dean
1091,Barry Josephson
1092,Elton John
1093,Brad Epstein
1094,Jason Bateman
1095,Ariane Labed
1096,Steve Buscemi
1097,Katie Holmes
1098,Aaron Wickenden
1099,Gian Keys
1100,Steve Zahn
1101,Morena Baccarin
1102,Daniel Roebuck
1103,Robbie Coltrane
1104,Bob Balaban
1105,Dale Dickey
1106,James Franco
1107,Sara Sohn
1108,Curtis Hanson
1109,Charlotte Riley
1110,Julian Dennison
1111,Max Karli
1112,Josh Helman
1113,Kim Dickens
1114,Jeb Brody
1115,Michael C. Gross
1116,Marc Norman
1117,Leonardo Sbaraglia
1118,George Miller
1119,Cynthia Sikes Yorkin
1120,Allison Abbate
1121,Mathieu Amalric
1122,David Gilbery
1123,Andrew Lowe
1124,Kirk Acevedo
1125,Adele Romanski
1126,Jo Burn
1127,John Slattery
1128,Jeremy Kleiner
1129,Christopher Denham
1130,Wyatt Oleff
1131,Aurelia Nolin
1132,Kathryn Morris
1133,Jack Kraus
1134,Erick Abbate
1135,Jon Eyez
1136,Daryl Sabara
1137,Michael Palin
1138,Jim Cummings
1139,Kenneth Utt
1140,Ceci Dempsey
1141,Susan Johnson
1142,Kevin Tent
1143,Jack Boulter
1144,Henry Gayden
1145,Karim Amer
1146,Don Dunn
1147,Michael Abbott Jr.
1148,Gemma Jones
1149,Hayden Panettiere
1150,Ellie Grainger
1151,Toshio Suzuki
1152,Leslie Bibb
1153,Damon Herriman
1154,Jeff Bridges
1155,Samuel West
1156,Jared Bush
1157,Bruce Davis
1158,Gerry Shirren
1159,Steve Bloom
1160,Andrew Garfield
1161,Geoffrey Cocks
1162,Beatriz Sequeira
1163,David O. Russell
1164,Shane Kelly
1165,Nick Krause
1166,Trevor Macy
1167,John Ratzenberger
1168,Evelyne Lahana
1169,Sigourney Weaver
1170,Rodrigo Teixeira
1171,Trevante Rhodes
1172,Bergen Swanson
1173,Charles Berling
1174,Rodger Boyce
1175,Grey Griffin
1176,Peter Chernin
1177,Talia Ryder
1178,Chris Gethard
1179,Chris Rock
1180,Natalie Qasabian
1181,Robert Frazen
1182,Jared Sanford
1183,Stephen Rea
1184,Noah Huntley
1185,Mark O'Brien
1186,Kurtis David Harder
1187,Carlos Peralta
1188,Lucas Joaquin
1189,Eric Roth
1190,David Thewlis
1191,Erik Wilson
1192,Reggie Lee
1193,Isabel Brook
1194,Rosario Dawson
1195,Pierre Omidyar
1196,Claire Danes
1197,Tyler Gillett
1198,Christopher Kirby
1199,Alice Wu
1200,Noah Johnston
1201,Penney Finkelman Cox
1202,Carla Shelley
1203,Will Smith
1204,Steve Oram
1205,Irène Jacob
1206,John Fox
1207,Dan Mintz
1208,Milan Chakraborty
1209,Kim Basinger
1210,Javier Méndez
1211,Angelina Jolie
1212,Laurie MacDonald
1213,Daisuke Dice Tsutsumi
1214,Edward S. Feldman
1215,Diego Cortina Autrey
1216,Tuppence Middleton
1217,Hayley McElhinney
1218,Mary Makhatho
1219,Tom Lenk
1220,Katie Holly
1221,Hugh Grant
1222,Billy Zane
1223,Andrew A. Kosove
1224,Véronique Cayla
1225,Barry Keoghan
1226,Margaret Qualley
1227,Sidney Wolinsky
1228,Michael-Joachim Heiss
1229,Terry Crews
1230,Sandra Adair
1231,Peter Sallis
1232,Leonard Nimoy
1233,Jan Chapman
1234,Chad Villella
1235,Johnathon Schaech
1236,Ben Affleck
1237,Aidan Elliott
1238,Emma Thomas
1239,Gerald Chamales
1240,Richard McCabe
1241,Michael Shannon
1242,Kevin Costner
1243,Bojana Novakovic
1244,Frank Welker
1245,Tina Fey
1246,Nikolas Korda
1247,Mitch Horwits
1248,Lata Ryan
1249,Lizzie Francke
1250,Kate Beckinsale
1251,Jason Marsden
1252,Bud Yorkin
1253,Kylie du Fresne
1254,Brian Gleeson
1255,Zheng Xu
1256,Jon Spaihts
1257,Louis D'Esposito
1258,Shawn Levy
1259,Mark Bomback
1260,Jason Statham
1261,Fabienne Rawley
1262,Jeremy Lasky
1263,Campbell Scott
1264,Lauranne Bourrachot
1265,Arthur Jafa
1266,Gilbert Gottfried
1267,Andrew Miano
1268,Don Burgess
1269,Elise Neal
1270,Darius Khondji
1271,Doug Schwalbe
1272,Giancarlo Giannini
1273,Danny Rubin
1274,Shaun Toub
1275,Serge Ume
1276,Evangelina Cavoli
1277,Elizabeth Marvel
1278,Jim Jarmusch
1279,Juli Kearns
1280,James Vanderbilt
1281,Robert Graf
1282,Leslie Feist
1283,Emily Tyra
1284,Kristen Connolly
1285,Todd Barry
1286,Mina Sadati
1287,Caroline Baron
1288,Kelsey Grammer
1289,Lashana Lynch
1290,Bess Kargman
1291,Brenda Vaccaro
1292,Ian McKellen
1293,Jeremy Milton
1294,Gregory Zuk
1295,Anna Gerb
1296,Marc Wootton
1297,Frances de la Tour
1298,Betty White
1299,Kelly Masterson
1300,Paddy Considine
1301,Lionel Wigram
1302,Jonathan Filley
1303,David Strathairn
1304,Hengameh Panahi
1305,Marcus D'Arcy
1306,Jonathan Page
1307,David Twohy
1308,Morgan Neville
1309,Pat Slowey
1310,Kelli Konop
1311,Vera Farmiga
1312,Bo Burnham
1313,Tyler Hoechlin
1314,Yasuyoshi Tokuma
1315,Maggie Gyllenhaal
1316,Gyeong-pyo Hong
1317,Timothée Chalamet
1318,Benjamin Melniker
1319,Gemma Chan
1320,Dan Kolsrud
1321,Divi Crockett
1322,Paul Thomas Anderson
1323,Johnny Depp
1324,Walter Hamada
1325,Jeremy Strong
1326,James Fleet
1327,Cheyenne Barton
1328,Simon Callow
1329,Robin Wright
1330,Mary McLaglen
1331,Julie Delpy
1332,Justin Fletcher
1333,Josh Cooley
1334,Jim Henson
1335,Sophia Lillis
1336,Carissa Buffel
1337,Ceán Chaffin
1338,Charlotte Prior
1339,Barbara-O
1340,Paul Feig
1341,Julie Walters
1342,Rachel O'Connor
1343,Suzi Dougherty
1344,Mary Sandell
1345,Harry Shum Jr.
1346,Aaron Moorhead
1347,Michael Chapman
1348,Frances Fisher
1349,Fred Raskin
1350,Deirdre O'Connell
1351,Valeriia Karaman
1352,Bill Scott
1353,Brian Robbins
1354,Pamela Segall
1355,Mikael Rahm
1356,Louisa Velis
1357,Allison Jones
1358,Tim Roth
1359,Christy Summerhays
1360,James Wallace
1361,Laurent Zeitoun
1362,John David Washington
1363,Taylor Sheridan
1364,Sterling Jerins
1365,Kaniehtiio Horn
1366,Eva Melander
1367,Suzanne Collins
1368,Lee Pace
1369,Armando Iannucci
1370,Ritchie Coster
1371,Nicole Perlman
1372,Michael Bolton
1373,Hugh Jackman
1374,Christoph Fisser
1375,Danai Gurira
1376,Mimi Polk Gitlin
1377,Sean Baker
1378,Jeff Apple
1379,Ken Kao
1380,Patch Darragh
1381,Boyd Holbrook
1382,Kuo Jung Tsai
1383,Michael Sheen
1384,Kate Harbour
1385,Neal Purvis
1386,Zachary Levi
1387,David Womersley
1388,David A. Smith
1389,Matt Reeves
1390,Eric Zumbrunnen
1391,Simon Boswell
1392,Kevin Spacey
1393,Samantha Robinson
1394,Frank Marshall
1395,Dana Goldberg
1396,Naseeruddin Shah
1397,Allison Shearmur
1398,Danny McBride
1399,Trezzo Mahoro
1400,Jeffrey Chernov
1401,Sidney Kimmel
1402,Art Marcum
1403,Jemaine Clement
1404,Paul Lazar
1405,Tim Zajaros
1406,Annie Potts
1407,Luke Perry
1408,Jessie Henderson
1409,Q'orianka Kilcher
1410,Karen Gilchrist
1411,James Choi
1412,Richard Holmes
1413,Shea Kammer
1414,Roy Lee
1415,Kevin De La Noy
1416,Kathy Altieri
1417,Rodo Sayagues
1418,Jake Roberts
1419,Bailey Spry
1420,Kevin Bacon
1421,Deborah Davis
1422,Adam Sidman
1423,Amy Poehler
1424,Glen Powell
1425,Ellen Kuras
1426,James Gandolfini
1427,Gabriel Byrne
1428,Andy Samberg
1429,Sam Raimi
1430,Anthony Gonzalez
1431,Stanley Myers
1432,Emily Blunt
1433,Harriet Walter
1434,Gary Goetzman
1435,Hope Davis
1436,Stan Walker
1437,George Tillman Jr.
1438,Daniel Diemer
1439,Jennifer Roth
1440,Audrey Wells
1441,Sacha Baron Cohen
1442,Amy Carey
1443,Patton Oswalt
1444,Neil Gaiman
1445,Michael Bonvillain
1446,Nathan Crowley
1447,Jeffrey Clifford
1448,Jeff Malmberg
1449,Franz Drameh
1450,Charlie McClellan
1451,Fionnula Flanagan
1452,Linda Larkin
1453,Leslie Dixon
1454,Charlie Tahan
1455,Lu Hong
1456,Cameron Crowe
1457,Judd Apatow
1458,Octavia Spencer
1459,Nicky Guadagni
1460,Thomasin McKenzie
1461,Jim Mahoney
1462,John Lasseter
1463,Darren T. Holmes
1464,Omid Djalili
1465,Doug Benson
1466,Sean Giambrone
1467,Kathy Najimy
1468,Sabrina Dhawan
1469,Lucas Dawson
1470,Tiffany Pisani
1471,Helen Mirren
1472,Bill Nighy
1473,John Lynch
1474,Mickey Rourke
1475,Gwenaëlle Simon
1476,Eli Marienthal
1477,Chrisann Verges
1478,Chelsea Winstanley
1479,Bruce Willis
1480,Jerrod Carmichael
1481,Lucy Liu
1482,David Heyman
1483,Michael De Luca
1484,Nathan Jones
1485,Steven Soderbergh
1486,Jeff Kober
1487,Chris Evans
1488,Sonny Mallhi
1489,Kristian Bruun
1490,Dede Gardner
1491,Shea Whigham
1492,Brian Doyle Murray
1493,Nigel Sinclair
1494,Max Minghella
1495,Richard Jenkins
1496,Agnes Mentre
1497,Geneva Robertson-Dworet
1498,Noah Wiseman
1499,Khary Payton
1500,Craig Kyle
1501,Andreas Lust
1502,Harriet Dyer
1503,Jacob Pechenik
1504,Céline Sciamma
1505,Shay Hatten
1506,Madisyn Shipman
1507,Jack Tarling
1508,David Kosse
1509,Bill Mechanic
1510,Malek Akkad
1511,Michael Rooker
1512,Celia Costas
1513,Johannes Krisch
1514,Chris DeFaria
1515,Ted Tally
1516,Geoffrey Rush
1517,Rachael Fleming
1518,Noah Cyrus
1519,Lili Sepe
1520,Eric Steelberg
1521,Richard Curtis
1522,Olivia Colman
1523,Emanuel Michael
1524,Bahni Turpin
1525,Christopher Lemole
1526,Mark Gatiss
1527,Virginia Madsen
1528,Anna Kendrick
1529,Radina Drandova
1530,Ashton Sanders
1531,Andrew Adamson
1532,Zach Galifianakis
1533,Bill Murray
1534,James Ivory
1535,Kara Hayward
1536,John Debney
1537,Kevin Rahm
1538,Caleb Landry Jones
1539,Haymon Maria Buttinger
1540,Christopher Murrie
1541,Obba Babatunde
1542,Armelle Glorennec
1543,Todd Hallowell
1544,Luna Lauren Velez
1545,Aaron L. Gilbert
1546,Rhett Reese
1547,David Ogden Stiers
1548,Robert Downey Jr.
1549,Jeffrey Katzenberg
1550,Kim Hyeon
1551,Vanessa Redgrave
1552,Malia Scotch Marmo
1553,Tom Hardy
1554,Mikael Salomon
1555,Catherine Apple
1556,Jeffrey Stott
1557,David F. Sandberg
1558,Hutch Parker
1559,David Pendleton
1560,Emilie Georges
1561,Kaitlyn Dias
1562,Amy Acker
1563,Lee Seon-gyun
1564,Alex Sharp
1565,Don Granger
1566,Su-an Kim
1567,Maysie Hoy
1568,Ted Geoghegan
1569,Henry Czerny
1570,Brian White
1571,Nadim Carlsen
1572,Angelo Badalamenti
1573,Pei-pei Cheng
1574,Aaron Covington
1575,Pablo Schreiber
1576,Lily James
1577,Scott Adsit
1578,Phil Johnston
1579,Carthew Neal
1580,Julian Barratt
1581,Daisy Ridley
1582,Lorna Raver
1583,Rich Moore
1584,Lamar Johnson
1585,Milly Shapiro
1586,Darla K. Anderson
1587,Margarita Isabel
1588,Alexander Calvert
1589,Kim Engelbrecht
1590,Brett Bouttier
1591,Stuart Pankin
1592,Juliette Binoche
1593,Jez Butterworth
1594,Jessica Parker Kennedy
1595,Reed Birney
1596,Albert Finney
1597,David M Sandoval Jr.
1598,Carrie Brownstein
1599,Erica Lee
1600,Emily Halpern
1601,Andre Ward
1602,Hamilton Camp
1603,Jeong Tae-seong
1604,Mel Gibson
1605,Duncan Kenworthy
1606,Jason Lee
1607,Anne Rosellini
1608,Ashutosh Lobo Gajiwala
1609,Philippa Boyens
1610,Doug Jones
1611,Martin Gschlacht
1612,Jared Underwood
1613,Clio Chiang
1614,Christopher Godsick
1615,Jonathan Amos
1616,Melanie Vallejo
1617,Don McEnery
1618,Cuba Gooding Jr.
1619,Reese Witherspoon
1620,Mike Larocca
1621,Jodi Benson
1622,Joe Hisaishi
1623,Clarke Peters
1624,John Carpenter
1625,Leslie Mann
1626,Nicholas Ma
1627,Bong Joon-ho
1628,Phylicia Rashad
1629,Rob Savage
1630,Jodie Foster
1631,Tom Bennett
1632,Roy Lee Jones
1633,Jason Schwartzman
1634,Jonathon Komack Martin
1635,Stan Redding
1636,Viggo Mortensen
1637,Sara Murphy
1638,Lucy Davis
1639,Cavan Ash
1640,Jordan Peele
1641,Peter Carlberg
1642,Eric Elmosnino
1643,Ron Bozman
1644,John Sloss
1645,Richard Brener
1646,Peter Hedges
1647,Frank John Hughes
1648,Ali Wong
1649,Yeo-jeong Jo
1650,Isaiah Stone
1651,Jake Gyllenhaal
1652,Nate Moore
1653,Chris Columbus
1654,Josh Campbell
1655,Hayao Miyazaki
1656,Sierra McCormick
1657,Kaitlyn Dever
1658,Rémi Burah
1659,Eric Keenleyside
1660,Ving Rhames
1661,Clark Gregg
1662,Stephany Folsom
1663,John Whittington
1664,Gregory Pekar
1665,Dan Scanlon
1666,Janeane Garofalo
1667,Steve Nicolaides
1668,Bill Block
1669,John Hannah
1670,Logan Marshall-Green
1671,Leah Lewis
1672,Jay Weidner
1673,Common
1674,Ian Fleming
1675,Matt Bomer
1676,Mary Elizabeth Winstead
1677,Chris Brigham
1678,Isabelle Truc
1679,Carla Hacken
1680,Djimon Hounsou
1681,Terry Notary
1682,Lina Leandersson
1683,Jon Jashni
1684,Benedict Cumberbatch
1685,Alexa Vega
1686,Carl Rosendahl
1687,Allyson C. Johnson
1688,Roald Dahl
1689,Ira Glass
1690,Henry Jackman
1691,Caroline Kaplan
1692,Carey W. Hayes
1693,Jonathan Duffy
1694,Norm Macdonald
1695,Howard Shore
1696,Joss Whedon
1697,Peter McRobbie
1698,Michael G. Wilson
1699,Julio Cesar Cedillo
1700,Michel Gondry
1701,Tracey Fairaway
1702,Jeb Stuart
1703,Tom Holland
1704,Bob Peterson
1705,Takeshi Seyama
1706,Ava DuVernay
1707,Amber Heard
1708,Jennifer Lee
1709,Jennifer Lilly
1710,Dragomir Mrsic
1711,Martin Short
1712,Iain Smith
1713,Ben Fransham
1714,Mame Bineta Sane
1715,Peter Del Vecho
1716,Jonathan Taylor Thomas
1717,Adeel Akhtar
1718,Gary Michael Walters
1719,Donald Glover
1720,Joel Edgerton
1721,Andrew Duncan
1722,Victoria Ruesga
1723,Barry Mendel
1724,Ann Dowd
1725,Michelle Williams
1726,Chris Moore
1727,Harrison Gilbertson
1728,Ione Skye
1729,John Crowley
1730,Ariana Richards
1731,Dariusz Wolski
1732,Chelsea Barnard
1733,Barbara Crampton
1734,Buddy Hackett
1735,Peter Tobyansen
1736,Chad Stahelski
1737,Yashvi Puneet Nagar
1738,David Cavallo
1739,Jack Dylan Grazer
1740,Gerard Butler
1741,Graham Walters
1742,Ness Krell
1743,Jim Morris
1744,Melissa McCarthy
1745,Helena Bonham Carter
1746,Agustín Almodóvar
1747,Jackie Chan
1748,Dave Foley
1749,James D. Stern
1750,Steven Zaillian
1751,Dan Fellman
1752,John Malkovich
1753,Wang Zhonglei
1754,Rose Byrne
1755,Kelly McCormick
1756,Emad Emami
1757,Gary Ross
1758,Simon Greenall
1759,Michael Douglas
1760,Ed Lauter
1761,Antonio Banderas
1762,Rachel Weisz
1763,Hamza Ali
1764,Brian Tyree Henry
1765,Jeff Maguire
1766,Ryan Fleck
1767,Marc Haimes
1768,Ewa Puszczynska
1769,Jennifer Lim
1770,Howard Atherton
1771,Albert Delpy
1772,Danielle Krudy
1773,Beanie Feldstein
1774,Kenneth Branagh
1775,Sandra Bullock
1776,David Fincher
1777,Deborah Snyder
1778,Michael Bradsell
1779,Sarah Hay
1780,Steve Kloves
1781,Yu Dong
1782,Sarah Silverman
1783,Phillip Lee
1784,David Silverman
1785,Rob Cowan
1786,Ben Foster
1787,Jaye Davidson
1788,Cohen Holloway
1789,Scott Adkins
1790,Dean DeBlois
1791,Ellen Page
1792,Sarah Stephens
1793,Nathan Johnson
1794,Julie Lockhart
1795,Ibrahima Mbaye
1796,Pauline Gygax
1797,Cary Brokaw
1798,Diarmuid McKeown
1799,Valeria Golino
1800,Nakul Vaid
1801,Geraldine McEwan
1802,Joshua Astrachan
1803,Will Arnett
1804,Arun Rangachari
1805,Scott Weinger
1806,John Lordan
1807,Melanie Scrofano
1808,Marlon Williams
1809,Paul Young
1810,William Sherak
1811,Terrence Howard
1812,Elsie Fisher
1813,Hester Odgers
1814,Diane Lane
1815,John Penotti
1816,Ana Ofelia Murguía
1817,Henry Selick
1818,Neil Patrick Harris
1819,James Mangold
1820,Georges Renand
1821,Byron Howard
1822,Aaron Stockard
1823,Dakota Fanning
1824,Dennis Haysbert
1825,Danny Boyle
1826,Aron Warner
1827,Stéphan Roelants
1828,David Morse
1829,Gary Dauberman
1830,Jamie Sparer Roberts
1831,Huck Milner
1832,Don Hall
1833,David Koepp
1834,Dan Mudford
1835,Willem Dafoe
1836,Yeon Sang-ho
1837,Nikki Penny
1838,Karl Urban
1839,Donald Rosenfeld
1840,Steve Golin
1841,Dany Garcia
1842,Mariel Sheets
1843,Rebecca Bloom
1844,Bryan Schulz
1845,Zach Lewis
1846,Jada Pinkett Smith
1847,Chris Mulkey
1848,Walton Goggins
1849,Brad Garrett
1850,Rowan Atkinson
1851,Jessica Hecht
1852,Jonas Armstrong
1853,Andy Siara
1854,Kerry Condon
1855,Joseph Lee
1856,Peter Y. Kim
1857,Mads Mikkelsen
1858,Mowg
1859,John Musker
1860,Richard Vane
1861,Alec Baldwin
1862,Pierre Edelman
1863,Roy Huggins
1864,Tess Harper
1865,Lindsay Doran
1866,Jack Paulson
1867,Alex McAtee
1868,Angus Imrie
1869,Bill Pohlad
1870,Scott Glenn
1871,John Getz
1872,Mark Digby
1873,Sandy Kane
1874,Mark Roybal
1875,Terry Rossio
1876,Léa Seydoux
1877,Reid Carolin
1878,Nate Hurtsellers
1879,Tim McCanlies
1880,Patrick Fugit
1881,Tom Wilkinson
1882,John August
1883,Brett Cullen
1884,Tom Ackerley
1885,Teddy Schwarzman
1886,Andrew S. Gilbert
1887,Stephen Sinclair
1888,Gil Perez-Abraham
1889,Kate Berlant
1890,Derek Graf
1891,Francesca Angelucci Capaldi
1892,Charles Napier
1893,Tessa Thompson
1894,Lee Daniel
1895,Angela Lansbury
1896,Sam Mendes
1897,Martin Ferrero
1898,Garth Renecle
1899,Harry Connick Jr.
1900,Cillian Byrne
1901,Eero Milonoff
1902,Lee Magiday
1903,Kathleen Kennedy
1904,Andrew Sensenig
1905,Tom Nowicki
1906,Mike Myers
1907,Jon D. Wagner
1908,Jeff Skoll
1909,Joseph M. Caracciolo Jr.
1910,Whitney White
1911,Adepero Oduye
1912,Ian Hart
1913,Marshall Manesh
1914,Sid Haig
1915,Graham King
1916,Richard Marks
1917,Tip T.I. Harris
1918,Buck Sanders
1919,Rolfe Kent
1920,Tucker Albrizzi
1921,Matthew Street
1922,Heath Ledger
1923,Catherine O'Hara
1924,Jonathan Hyde
1925,Stefan Kapicic
1926,Olivier Demangel
1927,Des McAnuff
1928,Danny Elfman
1929,Samuel Joslin
1930,Faith Prince
1931,Christopher L. Yost
1932,Debbie McWilliams
1933,James W. Skotchdopole
1934,Martin Landau
1935,Jonathan Schwartz
1936,Kelsea Dakota
1937,Kodi Smit-McPhee
1938,Joe Kraemer
1939,Kore-Eda Hirokazu
1940,Robert L. Baird
1941,Eric Pearson
1942,Denise Di Novi
1943,Enrique Murciano
1944,Clyde Kusatsu
1945,Edward Zwick
1946,Lucy O'Connell
1947,Robert Wade
1948,Rosie Alison
1949,Gore Verbinski
1950,Sebastian Stan
1951,Emily Montague
1952,Brendan Gleeson
1953,Andrea Roa
1954,Jake McDorman
1955,Marie Pillet
1956,Victoria Alonso
1957,Francesca Silvestri
1958,Jenny Slate
1959,Larry King
1960,Patrick Ness
1961,Mark Radcliffe
1962,Michael Gambon
1963,Eric Hauserman Carroll
1964,Kevin Kwan
1965,Edward Fox
1966,Elizabeth Spriggs
1967,Henry Cavill
1968,Alison Owen
1969,Keith Bunin
1970,Ernest Miller
1971,Christopher Fisser
1972,Douglas M. Griffin
1973,Ellora Torchia
1974,Benjamin Winspear
1975,Catherine Oliviere
1976,Krzysztof Kieslowski
1977,Peter Dennis
1978,Mackenzie Foy
1979,Paul Kewley
1980,Mel Cowan
1981,Kyle MacLachlan
1982,Bernard Hill
1983,Andrew Weisblum
1984,Travis Stevens
1985,Paul King
1986,Tony Way
1987,Andrew Stanton
1988,K.K. Barrett
1989,Meta Louise Foldager
1990,Daniel Lupi
1991,Charles Newirth
1992,Andy Muschietti
1993,Don Hahn
1994,Madhur Mittal
1995,Haley Lu Richardson
1996,Rachel Morrison
1997,Gil Birmingham
1998,Thomas Tull
1999,Iain Glen
2000,Meg LeFauve
2001,Jacob Ming-Trent
2002,Ed O'Neill
2003,Tom Cruise
2004,Trey Edward Shults
2005,Haruomi Hosono
2006,Linda Woolverton
2007,Stephen Lang
2008,Peyton Reed
2009,Lee Jeong-eun
2010,Koyu Rankin
2011,Jim Courtney
2012,David N. Weiss
2013,Craig Brewer
2014,Emma Graves
2015,Ruben Fleischer
2016,Steve Box
2017,Jay Baruchel
2018,Brian Oliver
2019,June Christopher
2020,Edgar Wright
2021,Kyra Sedgwick
2022,Morihisa Takagi
2023,Emma Tate
2024,Josh Hamilton
2025,Oliver Steer
2026,Eric Bana
2027,Wayne Marc Godfrey
2028,Malcolm Marmorstein
2029,Rita Wilson
2030,Nicole Scherzinger
2031,Rebecca Steel Roven
2032,Liz Hannah
2033,Graham Jarvis
2034,Michael Grillo
2035,Rob Hardy
2036,Arianne Sutner
2037,Larry Karaszewski
2038,Janel Parrish
2039,Emma Stone
2040,Heather Burns
2041,Vin Diesel
2042,Vicky Jenson
2043,Damon Wayans Jr.
2044,Kim Krizan
2045,Don Rickles
2046,Joe Cornish
2047,Anne Harrison
2048,Giovanni Ribisi
2049,Kate Mara
2050,Alison Pill
2051,Spencer Jay Kim
2052,Lynette Howell Taylor
2053,Jennifer Steyn
2054,Graham Broadbent
2055,Mathias Forberg
2056,Mindy Kaling
2057,Cheryl Lynn Bruce
2058,Walter F. Parkes
2059,Will Fetters
2060,Elisa Lleras
2061,Jane Leeves
2062,Mark Lazarus
2063,Virginia Gardner
2064,David Yates
2065,Andy Berman
2066,Elizabeth Karlsen
2067,Richard Van Oosterhout
2068,Oliver Simon
2069,Paul Bettany
2070,Erni Mangold
2071,Tim Sanders
2072,Bradley J. Fischer
2073,Bill Paxton
2074,Alexander Dinelaris Jr.
2075,Lila Yacoub
2076,Prunella Scales
2077,Tzi Ma
2078,Chase Joliet
2079,Santino Fontana
2080,Justin Long
2081,Christopher Rivera
2082,Oscar Kightley
2083,Justin Marks
2084,Jarvis Cocker
2085,Nick Castle
2086,Haruki Murakami
2087,Dylan Moran
2088,Bill Skarsgård
2089,George Fenton
2090,Chris Lowe
2091,James D'Arcy
2092,Yu Ah-in
2093,Dal-su Oh
2094,Michel Shane
2095,Molly Cheek
2096,Bob Murawski
2097,Sharon Calahan
2098,Jerry Goldsmith
2099,Melissa Cobb
2100,Angela Paton
2101,Jon Landau
2102,Charlie Day
2103,Fran Kranz
2104,Susie Lindeman
2105,Kevin Krikst
2106,Maria Zatulovskaya
2107,Rupert Everett
2108,David Winkler
2109,Tuva Novotny
2110,Gillian Anderson
2111,Hélène Vincent
2112,Chris Weitz
2113,William Kong
2114,Christopher Walken
2115,Christos V. Konstantakopoulos
2116,Anthony Dod Mantle
2117,Carrie Hilton
2118,Amy Warren
2119,Michelle Guish
2120,Adam Spiegel
2121,Jonathan King
2122,James Hiroyuki Liao
2123,Timothy M. Bourne
2124,Keith Ferguson
2125,Tak Fujimoto
2126,Hynden Walch
2127,Dru Davis
2128,Genesis Rodriguez
2129,Giles Daoust
2130,Mary Acres
2131,Erik Rommesmo
2132,Liev Schreiber
2133,Madeleine McGraw
2134,Lorelei Linklater
2135,Matthew Fox
2136,Glenn Shadix
2137,Ben Conrad
2138,Amanda Lear
2139,Lance Reddick
2140,Ryan Potter
2141,Jennifer Ingrum
2142,Graham McTavish
2143,Shariff Earp
2144,James Brolin
2145,Vince Holden
2146,Craig Shilowich
2147,Jenny Rainsford
2148,Garret Elkins
2149,Devin Faraci
2150,Omari Hardwick
2151,Phyllis Nagy
2152,Bertha Navarro
2153,Adriana Barraza
2154,Jasen Fisher
2155,Andrew Davis
2156,Adam Driver
2157,Paul Terry
2158,Barry Mitchell
2159,Doug Claybourne
2160,Jörgen Thorsson
2161,Geoff Johns
2162,Alex Walton
2163,Kathleen York
2164,Michelle Pfeiffer
2165,Doug Mitchell
2166,Barry Adamson
2167,Jill Jacobs
2168,Alec Secareanu
2169,S. Craig Zahler
2170,Andy Serkis
2171,J. David Stem
2172,Harold Ramis
2173,Jeff Harrison
2174,Griffin Robert Faulkner
2175,Michelle Yeoh
2176,Michael E. Uslan
2177,Corey Hawkins
2178,Sam Fell
2179,Tomm Moore
2180,Bobby Cannavale
2181,John Madden
2182,Kate Ashfield
2183,Imelda Staunton
2184,Junior Laniyan
2185,Craig Behenna
2186,John Rhys-Davies
2187,Max Barbakow
2188,Keith Samples
2189,Jeffrey Vincent Parise
2190,Nicole Paradis Grindle
2191,Cheech Marin
2192,Jennifer Prior
2193,Jeffrey Donovan
2194,David Rabinowitz
2195,Will Patton
2196,Kate Micucci
2197,Dylan Tichenor
2198,Steve Pegram
2199,Randy Stone
2200,Wallace Shawn
2201,George Parra
2202,Carter Logan
2203,Peter O'Toole
2204,Michael Gaston
2205,Eric Darnell
2206,Michael Cera
2207,Sarah Paulson
2208,Brent White
2209,Irina Potapenko
2210,Fred Ward
2211,Tony Haygarth
2212,Janos Derzi
2213,Sam Elliott
2214,Camila Mendes
2215,Nicolás Wong
2216,Wahab Chaudhry
2217,Brian Grazer
2218,Jean-Louis Trintignant
2219,JoAnne Sellar
2220,Trevor Albert
2221,Lil Rel Howery
2222,Sara Woodhatch
2223,Gary Hamilton
2224,Annette O'Toole
2225,Choi Seyeon
2226,Chris McKenna
2227,Ralph Brown
2228,Ted Elliott
2229,Ed Ivory
2230,Megan Burns
2231,Marylouise Burke
2232,Karin Bergquist
2233,Channing Tatum
2234,Phil Lord
2235,Ethan Hawke
2236,Ethan Embry
2237,Rebecca Houseknecht
2238,Ryan Gosling
2239,Ginnifer Goodwin
2240,Lena Waithe
2241,Clément Calvet
2242,Kylie Du Fresne
2243,Vince Jolivette
2244,David Lynch
2245,Guy Delamarche
2246,Greg Wise
2247,Phoebe Fox
2248,J. Stephen Coyle
2249,Kathy Bates
2250,Andie MacDowell
2251,Christopher McQuarrie
2252,Gary DeMichele
2253,Hal Smith
2254,Nawazuddin Siddiqui
2255,Tomas Alfredson
2256,Amandla Stenberg
2257,Nicolas Cage
2258,Katie Silberman
2259,Oprah Winfrey
2260,Ally Maki
2261,Riley Keough
2262,Carroll Ballard
2263,Madeleine Arthur
2264,Ewen Bremner
2265,Freida Pinto
2266,Finn Robbins
2267,Reg Presley
2268,Michael Bay
2269,Glenn Slater
2270,Toby Hill
2271,Caroline Aaron
2272,Geoffrey Richman
2273,George Clooney
2274,James McAvoy
2275,Robert Rodriguez
2276,Cora Lee Day
2277,Stephen Tobolowsky
2278,Flea
2279,Tim Burton
2280,Nicola Duffett
2281,Phil Hartman
2282,Rebecca Hall
2283,Cliff Smith
2284,Ben Kingsley
2285,Jeremy Ray Taylor
2286,Timothy Olyphant
2287,Amy Landecker
2288,Lee Unkrich
2289,Li-Kong Hsu
2290,Sayed Badreya
2291,Wes Anderson
2292,John G. Scotti
2293,Lauren Beck
2294,Erica Williams
2295,Zara Phythian
2296,George Rush
2297,Malik Bazille
2298,Rhianna Dorris
2299,Sachin Joab
2300,Lori Korngiebel
2301,Peter Billingsley
2302,Julia Sawalha
2303,Robert Seeley
2304,Paul Reubens
2305,Jaygann Ayeh
2306,Benedict Carver
2307,Gwendoline Christie
2308,Mike Birbiglia
2309,Rachael Prior
2310,Michael Joe
2311,Chris Pine
2312,Lulu Wang
2313,Al Pacino
2314,Dylan Arnold
2315,Munro Chambers
2316,Ali Kazmi
2317,Tom Kenny
2318,Ron Howard
2319,Marc Butan
2320,Oakes Fegley
2321,Asher Angel
2322,Shahab Hosseini
2323,Jason Hoffs
2324,Harriet Sansom Harris
2325,Stephen McKinley Henderson
2326,Ronaldo Del Carmen
2327,Christina Hendricks
2328,Gong Yoo
2329,Marc Shaiman
2330,Steve Martino
2331,Chloë Grace Moretz
2332,Emile Hirsch
2333,Mark Nielsen
2334,Rachel House
2335,Michael Stuhlbarg
2336,Dana Brunetti
2337,Jill Culton
2338,Michael Coulter
2339,Jesse Corti
2340,Joanna Kulig
2341,Robert Pattinson
2342,Scott Franklin
2343,Nicole Sougou
2344,Barkhad Abdi
2345,Suzy Elmiger
2346,Kyle Hebert
2347,Patrick Lin
2348,Wang Zhongjun
2349,Joe Russo
2350,Hae-il Park
2351,Laurence Fishburne
2352,Marleik Mar Mar Walker
2353,Louise Mathews
2354,Jonathan Freeman
2355,Jayro Bustamante
2356,Adam Merims
2357,Jon Peters
2358,Ren Zhonglun
2359,Sukie Smith
2360,Ko Asung
2361,Conan O'Brien
2362,Leonardo DiCaprio
2363,Dave Duffy
2364,Claudio Brook
2365,John Hodgman
2366,Kevin J. Walsh
2367,Martin McDonagh
2368,Julia Scarlett Dan
2369,Peter Heslop
2370,William Kay
2371,Michael Polaire
2372,Jennifer Lopez
2373,Thomas Newman
2374,Richard Kiel
2375,Arnold Kopelson
2376,Christine Langan
2377,Allan Scott
2378,Domenick Lombardozzi
2379,Joshua Blum
2380,Julie Andrews
2381,Sydney Pollack
2382,Tanya Seghatchian
2383,Selene Luna
2384,Patrick Dempsey
2385,Alan Rickman
2386,Steve Yedlin
2387,Stan Wlodkowski
2388,Grace Blake
2389,Jennifer Fox
2390,Anya Taylor-Joy
2391,Ben Rimmer
2392,Ika Nord
2393,Sheldon Kahn
2394,Daniel Kaluuya
2395,Michael Trucco
2396,Christopher Abbott
2397,Adam Ferency
2398,Molly Allen
2399,Giuseppe Bausilio
2400,John Turturro
2401,Winston Duke
2402,Forest Whitaker
2403,Paul Webb
2404,Thad Luckinbill
2405,Jeremie Fajner
2406,Adisa Anderson
2407,Anthony Ramos
2408,Michael Zoumas
2409,Mark Boal
2410,Alex Kurtzman
2411,Martin Shafer
2412,Mojtaba Pirzadeh
2413,Bruce Greenwood
2414,Rob Dressel
2415,John H. Williams
2416,James Weaver
2417,Mai Zetterling
2418,Ritesh Batra
2419,Eric Ellenbogen
2420,Craig Schulz
2421,Snoop Dogg
2422,Avi Arad
2423,Kimberly Steward
2424,Ivan Reitman
2425,Joseph Tropiano
2426,David Linde
2427,John Boccardo
2428,Jamie Chung
2429,Marc Turtletaub
2430,Chasten Harmon
2431,Dylan McDermott
2432,Giancarlo Esposito
2433,Antoine De Cazotte
2434,Alex Dong
2435,Tracy Letts
2436,Aidy Bryant
2437,Nick Wechsler
2438,Gloria Stuart
2439,Jon M. Chu
2440,Steve Eastin
2441,Rob Grant
2442,Jon Brion
2443,Letitia Wright
2444,Jenn Murray
2445,Anne Lockhart
2446,Kawa Ada
2447,Bonnie Arnold
2448,Anna Cathcart
2449,Vincent Maraval
2450,Isla Fisher
2451,Joaquin Phoenix
2452,Moon Seong-geun
2453,Emory Cohen
2454,Jamie Foxx
2455,Will Collins
2456,Sidse Babett Knudsen
2457,Shia LaBeouf
2458,Tessa Ross
2459,Amy Pascal
2460,Jeffrey Kluger
2461,Michelle Rodriguez
2462,Aaron Paul
2463,Michael B. Jordan
2464,Julia Stiles
2465,Jovan Armand
2466,George Takei
2467,Regina Hall
2468,Kelly Macdonald
2469,Mark Osborne
2470,Michael J. Malone
2471,Benoît Régent
2472,Glenn Berger
2473,Elizabeth Debicki
2474,Evelyn O'Neill
2475,Sina Sayyah
2476,Rene Auberjonois
2477,Renee Witt
2478,Edward Linard
2479,Nicolas Chartier
2480,Patrick Grove
2481,Sonoya Mizuno
2482,Glen Basner
2483,Kevin Lima
2484,Borys Szyc
2485,Paul Scheer
2486,Chris Innis
2487,Geraldine Peroni
2488,Ron Dean
2489,Dylan Minnette
2490,James Gammon
2491,Christopher Plummer
2492,Jon Hamm
2493,Nigel Bennett
2494,Alessandro Nivola
2495,Mozhan Marnò
2496,Kate Siegel
2497,Richard Kind
2498,John Farley
2499,Christi Dembrowski
2500,Christel Baras
2501,Michael Showalter
2502,John H. Lang
2503,Peter Safran
2504,Jharrel Jerome
2505,Ali Badshah
2506,Christian White
2507,Saoirse Ronan
2508,Lisa Lassek
2509,Cate Blanchett
2510,Jeremy Irons
2511,Vince Vaughn
2512,Mark Hamill
2513,David Katzenberg
2514,Lady Gaga
2515,Augustus Prew
2516,Jeremy Shamos
2517,Jake Eberts
2518,Joe Drake
2519,Brooklynn Prince
2520,Rick Jaffa
2521,Craig Ferguson
2522,Tobin Armbrust
2523,Toby Kebbell
2524,Kristian Moliere
2525,Robert Hardy
2526,Amy Sedaris
2527,Rebecca Ferguson
2528,Katy Mixon
2529,Elizabeth Tulloch
2530,Taraneh Alidoosti
2531,Connie Nielsen
2532,Ben Salisbury
2533,Chris Pang
2534,Kyla Deaver
2535,Daniel Henney
2536,Hyeong-gu Kim
2537,Chris Terrio
2538,Gina McKee
2539,Wesley Snipes
2540,Tim Allen
2541,Timur Bekmambetov
2542,Brendan Ferguson
2543,Michael Y. Chow
2544,Don Johnson
2545,Tamara Shanath
2546,Cori Gonzalez-Macuer
2547,Kendelle Hoyer
2548,Eve Macklin
2549,Marceline Hugot
2550,Jennifer Lawrence
2551,Mikihiko Tsuzuki
2552,John Cho
2553,Kim Rios Lin
2554,Jeremy Stanford
2555,Dino Stamatopoulos
2556,William Jackson Harper
2557,Cameron McCracken
2558,Alan Cumming
2559,Nate Torrence
2560,Miriam Margolyes
2561,Martin Whist
2562,Thomas Harris
2563,Woody Harrelson
2564,Danny Glover
2565,Eiza González
2566,Elissa Knight
2567,Stuart Baird
2568,Drew Daniels
2569,Jonathan Gordon
2570,Olivia Wilde
2571,Alejandro Jodorowsky
2572,Clea DuVall
2573,Josh Donen
2574,Kasi Lemmons
2575,Paul Weitz
2576,Andrew Dice Clay
2577,Mark Crash McCreery
2578,Ted Levine
2579,Jeremy Spears
2580,Andrew Patterson
2581,David Barron
2582,Ian McShane
2583,Laura Harrier
2584,Dominic Rains
2585,Ray Romano
2586,Baek Cheol-hyeon
2587,Lawrence Kasdan
2588,Chris Bergoch
2589,Amali Golden
2590,P.J. Voeten
2591,Ezra Swerdlow
2592,Denis Villeneuve
2593,Ah-sung Ko
2594,Marina de Tavira
2595,R. Christopher Murphy
2596,Jon Favreau
2597,Sam Rockwell
2598,Austin Pendleton
2599,Joe Lo Truglio
2600,Anna Paquin
2601,Bonnie Hunt
2602,Hugh Bonneville
2603,Fred Melamed
2604,Jasper Pääkkönen
2605,Ryan Hamilton
2606,Werner Maritz
2607,Michael H. Weber
2608,Art Parkinson
2609,Ivana Milicevic
2610,Jean-Pierre Lorit
2611,Florence Pernel
2612,Liao Fan
2613,Gillian Jacobs
2614,Corey Stoll
2615,Charlie Plummer
2616,David Schneider
2617,Joseph Fiennes
2618,Ash Brannon
2619,Steve Saklad
2620,Frank Brennan
2621,Taika Waititi
2622,Lisa Lu
2623,Julie Oliver-Touchstone
2624,Alex Thompson
2625,Irene Mecchi
2626,James Montague
2627,Eben Kostbar
2628,Maika Monroe
2629,Malik B. Ali
2630,Daniel Battsek
2631,Jessica Chastain
2632,Krzysztof Piesiewicz
2633,Steve Rodgers
2634,Tanay Hemant Chheda
2635,Robert Patrick
2636,Mike Flanagan
2637,Rodney Becker
2638,Max Lloyd-Jones
2639,Natalie Farrey
2640,Josh Hutcherson
2641,Eric Anderson
2642,Jon Watts
2643,Alfonso Cuarón
2644,Evan Jonigkeit
2645,David Gyasi
2646,Peter Newman
2647,Jeremy Gawade
2648,Emma Bercovici
2649,Tim Mertens
2650,Peter Lord
2651,Jon Kenny
2652,Michael Sinterniklaas
2653,Stefanie Azpiazu
2654,Fred Hechinger
2655,Daveigh Chase
2656,Fionn Whitehead
2657,Robert De Niro
2658,Estelle Harris
2659,Pete Townshend
2660,Ok Gwang-hui
2661,Vicki Lewis
2662,Robin Williams
2663,Jonathan Roberts
2664,Todd Lieberman
2665,Bud Luckey
2666,Joe Robert Cole
2667,Andi Matichak
2668,Tanvi Ganesh Lonkar
2669,Xavier Marchand
2670,Holly Hunter
2671,Miyu Sasaki
2672,C. Robert Cargill
2673,Christopher Woodrow
2674,Harley Jane Kozak
2675,Missy Doty
2676,Merritt Wever
2677,Scarlett Johansson
2678,Robin Duke
2679,John Lesher
2680,Ed Guiney
2681,Jason Gould
2682,Lauren Holly
2683,Hong Gyeong pyo
2684,Yorgos Lanthimos
2685,John Carnochan
2686,Niketa Calame
2687,Robin McLeavy
2688,Julie Ansell
2689,Enoc Leaño
2690,Laine MacNeil
2691,Kyle Eastwood
2692,Noboru Yoshida
2693,Carrie Coon
2694,Patrick Doyle
2695,Chris Browning
2696,Charles Hamilton
2697,Will Youmans
2698,Eric Bauza
2699,Anton Yelchin
2700,Peter Deming
2701,Tex Rubinowitz
2702,Janet Hirshenson
2703,Michael Clarke Duncan
2704,Benicio Del Toro
2705,Jonathan Harris
2706,Aaron Horvath
2707,Isao Takahata
2708,Faithe Herman
2709,Erwin Stoff
2710,Anne Ross
2711,Gavin Polone
2712,Sergej Onopko
2713,Kristine Belson
2714,Raúl Arévalo
2715,Elena Stejko
2716,Tim Heidecker
2717,Mandy Moore
2718,Toby Halbrooks
2719,Michael Kamen
2720,John Brumpton
2721,Nick Offerman
2722,Tamara Jolaine
2723,Michael Draper
2724,Mick Lally
2725,Mark Shivas
2726,Wang Deming
2727,Lee Chang-dong
2728,Adrian Scarborough
2729,Diana Silvers
2730,Jake Ryan
2731,Gal Gadot
2732,Peter Chiarelli
2733,Lee Tae-hun
2734,Irwin Winkler
2735,Xenia Kalogeropoulou
2736,Ray Liotta
2737,Sophie Lowe
2738,Robert Richardson
2739,Mariane Plasteig
2740,Jodi Redmond
2741,Peter Serafinowicz
2742,Bradley Whitford
2743,Adam Woronowicz
2744,Anthony Romano
2745,Christopher Storer
2746,Chad Hayes
2747,Sharon Small
2748,Daniel Radcliffe
2749,Maral Bani Adam
2750,Anil Kapoor
2751,Ismail Merchant
2752,Abby Quinn
2753,Tommy Harper
2754,Dave Franco
2755,Michael Nathanson
2756,Anna Duffield
2757,Vlokkie Gordon
2758,Lisa Banes
2759,Lars Knudsen
2760,Christine Vachon
2761,Jim Parsons
2762,Jed Kurzel
2763,Kevin Chinoy
2764,Steve Susskind
2765,Everett McGill
2766,Luca Guadagnino
2767,Amy Brooks
2768,Eddie Murphy
2769,Josh Brolin
2770,Kristina Ceyton
2771,Elena Bucci
2772,Maribel Verdú
2773,Liam Hemsworth
2774,Harry Gregson-Williams
2775,Christopher Daniel Barnes
2776,Aimé Lefèvre
2777,María Mercedes Coroy
2778,Henry Braham
2779,Gail Cronauer
2780,C.J. Wilson
2781,Fred Dalton Thompson
2782,Stephanie Sheh
2783,Hawk Ostby
2784,Patrick Wachsberger
2785,Ernie Sabella
2786,Simon Russell Beale
2787,Sandra Bohle
2788,Brion James
2789,Jennifer Saunders
2790,David Cross
2791,Aleksa Palladino
2792,Jonas Rivera
2793,Craig T. Nelson
2794,John Standing
2795,Stan Lee
2796,Leal Naim
2797,Dan Aykroyd
2798,Chris Foss
2799,Casey Affleck
2800,Tyler Thompson
2801,Eric Heisserer
2802,Melvil Poupaud
2803,Essie Davis
2804,John J. Kelly
2805,Stephen Broussard
2806,Haley Bishop
2807,John C. Reilly
2808,Anna Diop
2809,Craig Gillespie
2810,Emily Robinson
2811,Bharati Achrekar
2812,Michael Bostick
2813,Rhys Darby
2814,Megan Ellison
2815,Debbie Reynolds
2816,Chris Tucker
2817,Javier Bardem
2818,Anna Baryshnikov
2819,Gana Bayarsaikhan
2820,David Lawson Jr.
2821,Christian Vander
2822,Ramona Marquez
2823,John Davis
2824,Jane Zheng
2825,Kristen Bell
2826,Matthew Ashton
2827,Gavin Hood
2828,Jeremy Dawson
2829,Linus Sandgren
2830,Laura Post
2831,Nicole Rocklin
2832,Andrew Wehde
2833,Chosen Jacobs
2834,Joe Pantoliano
2835,Venus Omega Schultheis
2836,Mayu Matsuoka
2837,Robert Siegel
2838,Christopher Miller
2839,Ron Clements
2840,Bill Blakemore
2841,George MacKay
2842,Jeff Goldblum
2843,Isabella Rossellini
2844,Shane Black
2845,Alex Wolff
2846,Han Jinwon
2847,William Broyles Jr.
2848,Gary Cole
2849,Manon Ardisson
2850,Raymond Mansfield
2851,David Oyelowo
2852,Paul Wernick
2853,Lily Franky
2854,Greta Zozula
2855,Suzanne Cryer
2856,Steven Nam
2857,Jennifer Kent
2858,Paul Denham Austerberry
2859,Sam Neill
2860,Imani Hakim
2861,Eric Ekman
2862,Edward Saxon
2863,Charles D. King
2864,Josh Godfrey
2865,Stephen Schaffer
2866,Richard Middleton
2867,David Gordon Green
2868,Ros Hubbard
2869,Matt McCoy
2870,David Kirkpatrick
2871,Neil Jordan
2872,Kathleen Gavin
2873,Isabelle Grill
2874,Julian Hilliard
2875,Jane Curtin
2876,Vanda Capriolo
2877,David Selby
2878,Geraldine Chaplin
2879,Anjelica Huston
2880,Matt Damon
2881,Rima Te Wiata
2882,Dan Lin
2883,Chris Chase
2884,Rohit Khattar
2885,Jack Black
2886,Zygi Kamasa
2887,Dylan Sellers
2888,Noah Centineo
2889,Mahershala Ali
2890,Kelly O'Sullivan
2891,Anne Sheehan
2892,Ben Hethcoat
2893,Tony Shalhoub
2894,Leon Russom
2895,Holland Taylor
2896,Jorma Taccone
2897,Teddy Padilla
2898,Mark Fergus
2899,Ray Chase
2900,Emily VanCamp
2901,Garry Shandling
2902,Cade Woodward
2903,Thomas Haden Church
2904,Hal Sadoff
2905,Lennie James
2906,Jérémie Renier
2907,Elizabeth Banks
2908,Jack Reynor
2909,Brian Geraghty
2910,Sam Register
2911,Sharon Van Etten
2912,Robby Benson
2913,Sonia Grande
2914,Frankie Jonas
2915,Benedict Wong
2916,Sidney Flanigan
2917,Sarah Haskins
2918,Zachary Quinto
2919,Sandra Oh
2920,Amanda Posey
2921,Ye Sujeong
2922,Xian Gao
2923,Nicolas Roeg
2924,John R. Leonetti
2925,Brian Dennehy
2926,Steven Rogers
2927,Pamela Ribon
2928,John Bailey
2929,Natascha Wharton
2930,David Rawle
2931,Lydia Dean Pilcher
2932,John Hawkes
2933,Judy Greer
2934,Sally Hawkins
2935,Nicholas Hoult
2936,Anne Walker-McBay
2937,Kathleen Fleming
2938,Alexander Gould
2939,Roger Allers
2940,Will Brittain
2941,Phil Grieve
2942,Ellen DeGeneres
2943,Devyn Dalton
2944,Conrad Buff
2945,Debra Messing
2946,Arash Marandi
2947,Chris Williams
2948,Shawna Trpcic
2949,Greg Cipes
2950,Richard E. Grant
2951,Joan Cusack
2952,Krysty Wilson-Cairns
2953,Romy Beckman
2954,Tom Hiddleston
2955,Harvey Keitel
2956,David Whealy
2957,Trinh Tran
2958,A.R. Rahman
2959,Kori Rae
2960,Nelson Lowry
2961,Marc Anthony
2962,E.K. Gaylord II
2963,Colin Wilson
2964,Denis Leary
2965,Suzanne Pleshette
2966,Kimiko Glenn
2967,Brendan Meyer
2968,John B. Carls
2969,Will Ferrell
2970,Hayley McFarland
2971,Jaime Camil
2972,Irrfan Khan
2973,Laura T. Fisher
2974,Matthew Broderick
2975,Justin Begnaud
2976,Oscar Isaac
2977,Kim White
2978,Jane Galloway Heitz
2979,Richard Starzak
2980,Kevin Matusow
2981,Brandi Carlile
2982,Anna Rackard
2983,John Corbett
2984,Miles Robbins
2985,Marvin Campbell
2986,Eve Robin
2987,Kathleen Quinlan
2988,Odeya Rush
2989,Diane Baker
2990,X Mayo
2991,Bruce Adler
2992,Peter MacDonald
2993,Annie Marter
2994,Christopher Eccleston
2995,Kurt Knutsson
2996,Galyn Susman
2997,Jason Clarke
2998,Dileep Rao
2999,Pat Shortt
3000,Jared Leto
3001,Bob Bergen
3002,Bruce Cohen
3003,Bryan Unkeless
3004,Monte Markham
3005,Fergal McElherron
3006,Jarlath Conroy
3007,Frank Oz
3008,Noritaka Kawaguchi
3009,Scott Derrickson
3010,Brian Kavanaugh-Jones
3011,Remy Hii
3012,Peter Schlessel
3013,Fran Walsh
3014,Jonah Hill
3015,Harvey Weinstein
3016,Phillip Brock
3017,Radha Blank
3018,Jed Shepherd
3019,Kirsten Dunst
3020,David L. Bushell
3021,Anthony Waye
3022,Julius Callahan
3023,Barbara Robertson
3024,Anthony Mackie
3025,Marco Morabito
3026,Matthew Rhys
3027,Mallory Bechtel
3028,Ruth Prawer Jhabvala
3029,Barbara West
3030,Jane Brennan
3031,Anna Biller
3032,Logan Miller
3033,Rian Johnson
3034,Eriq La Salle
3035,James Handy
3036,Richard Dreyfuss
3037,Lynn Pleshette
3038,Michel Litvak
3039,Alisa Lepselter
3040,Brandon Cronenberg
3041,David Kaplan
3042,Keith David
3043,Susan Gibney
3044,Robert Eggers
3045,Kevin King-Templeton
3046,Sabrina Carpenter
3047,Armando Bo
3048,Harvey Scrimshaw
3049,Grant Curtis
3050,Ansel Elgort
3051,Devin Druid
3052,David Mackenzie
3053,Mary Burke
3054,Austin Butler
3055,Vanessa Kirby
3056,Michael DeBruyn
3057,Lakeith Stanfield
3058,Peter Capaldi
3059,Laura Linney
3060,Rodney Rothman
3061,Michael Peña
3062,Becky Ann Baker
3063,Isaach De Bankolé
3064,Rae Sanchini
3065,Liz Glotzer
3066,Claire Jennings
3067,Adrian Dunbar
3068,Chelcie Ross
3069,Ray Panthaki
3070,Russell Crowe
3071,David U. Lee
3072,Michael Tear
3073,John Semper
3074,Michael McDowell
3075,Scott Wilson
3076,Lupita Nyong'o
3077,Joey King
3078,Paige O'Hara
3079,Martin Campbell
3080,Jordan Horowitz
3081,Melanie Kilburn
3082,Jonathan Aibel
3083,Marcelo Zarvos
3084,Christopher Jacot
3085,William Hickey
3086,Blye Pagon Faust
3087,Götz Spielmann
3088,Hedda Sharapan
3089,Kyla Nicolle
3090,Peter Craig
3091,Sondra James
3092,Penélope Cruz
3093,John Boyega
3094,Alex Orlovsky
3095,Alex Garfin
3096,Richard Suckle
3097,Betty Gabriel
3098,Lana Condor
3099,Kurt Stenzel
3100,Ella Ballentine
3101,Al Reinert
3102,Sanjay Rambaruth
3103,Fiona Glascott
3104,Brian McOmber
3105,Taraji P. Henson
3106,Patty Jenkins
3107,Amira Casar
3108,Daniel Zolghadri
3109,Ha Junwon
3110,Nick Lathouris
3111,Tom Glynn-Carney
3112,Azhy Robertson
3113,Plan 9
3114,Pharrell Williams
3115,Natalie Erika James
3116,Jacob Elordi
3117,Lindsey Weber
3118,Noah Segan
3119,Isaac Klausner
3120,Alain Decaux
3121,Philip Baker Hall
3122,Gene Hackman
3123,Robert Redford
3124,Chris Collins
3125,Jake Horowitz
3126,Rob Reiner
3127,Brie Larson
3128,Iain Canning
3129,Kirin Kiki
3130,Eva Longoria
3131,Cody Cameron
3132,Justin Hurwitz
3133,Mike Epps
3134,Donald Sutherland
3135,Will Sasso
3136,Alex Babbitt
3137,Georgia Kacandes
3138,Patrika Darbo
3139,Aran Bell
3140,Evan Rachel Wood
3141,Sarah Smith
3142,Golshifteh Farahani
3143,Steve Jobs
3144,Tim Headington
3145,Jadyn Malone
3146,Angie Thomas
3147,Michelle Monaghan
3148,Rizwan Manji
3149,Matthew Kaplan
3150,Jack Lowden
3151,Tom Felton
3152,Jonathan Demme
3153,Harvey Harrison
3154,Becky Sloviter
3155,Emma Watson
3156,Nicholas Stoller
3157,Aditya Sood
3158,Victoria Thaine
3159,F. Murray Abraham
3160,Aviv Giladi
3161,Alan Menken
3162,Jim Varney
3163,Letty Aronson
3164,Elisabeth Moss
3165,Jessica Williams
3166,Marion Cotillard
3167,Lynn Ferguson
3168,Lindsay Duncan
3169,Corin Redgrave
3170,Elias Koteas
3171,Paul Rudd
3172,Kelvin Harrison Jr.
3173,Eui-sung Kim
3174,Noah Schnapp
3175,Zazie Beetz
3176,Christopher Lee
3177,Peter Jackson
3178,Lily Mojekwu
3179,Thomas M. Hammel
3180,Jermaine Fowler
3181,Marin Karmitz
3182,Tony Gilroy
3183,Dakin Matthews
3184,Simon Beaufoy
3185,Cary-Hiroyuki Tagawa
3186,Li Fazeng
3187,Antony Sher
3188,Jyo Kairi
3189,Margaret Whitmer
3190,Chris Dickens
3191,Jennifer Lame
3192,Rosemary Blight
3193,Bathsheba Garnett
3194,Chris Sarandon
3195,Titus Welliver
3196,Ridley Scott
3197,Rory Kinnear
3198,Kirk Baxter
3199,Henrik Dahl
3200,Alex Brunner
3201,Storm Reid
3202,Jamie Bell
3203,Duke Johnson
3204,Tom Pollock
3205,Todd Haynes
3206,Meagan Fay
3207,Barak Hardley
3208,Madge Sinclair
3209,Dennis Gassner
3210,Adam Somner
3211,Colm Ó'Snodaigh
3212,Olivier Assayas
3213,Stephen J. Anderson
3214,Yalitza Aparicio
3215,Catherine Lambert
3216,Andy Nyman
3217,Aminata Kane
3218,Michel Merkt
3219,Carol Flint
3220,Joan Sebastian Zamora
3221,Daniel Gerson
3222,Michael Sugar
3223,Elizabeth Avellan
3224,Bill Lischak
3225,Luke Haigh
3226,Charlie Woebcken
3227,M.C. Gainey
3228,Haskiri Velazquez
3229,Shaista Latif
3230,Hanna Schygulla
3231,Chris Pratt
3232,Albert Berger
3233,Daniel Hart
3234,Lewis Black
3235,J.C. Chandor
3236,Patricia Arquette
3237,Robert Yeoman
3238,Paul Scofield
3239,Abdou Balde
3240,Tim Johnson
3241,Melora Walters
3242,Domhnall Gleeson
3243,Julie Hagerty
3244,Daniel Delume
3245,Jamal Daniel
3246,Josh Singer
3247,Allon Reich
3248,Allyson Seeger
3249,Lew Temple
3250,Adam Carolla
3251,Dougie Cash
3252,Ian Martin
3253,Seth MacFarlane
3254,Charles Roven
3255,Gerald R. Molen
3256,Summer Qing
3257,Michel Hazanavicius
3258,Mackenzie Davis
3259,P. Jennifer Dana
3260,Jia Zhangke
3261,Jeff Garlin
3262,Jac Schaeffer
3263,Béla Tarr
3264,Craig Wood
3265,Don Dougherty
3266,Anthony Heald
3267,Eric Fellner
3268,Kevin Dunn
3269,Colin Firth
3270,Blake Lively
3271,Frances McDormand
3272,Molly Smith
3273,Jóhann Jóhannsson
3274,Sandra Rabins
3275,Louise Lemoine Torres
3276,Louis Tisné
3277,Tyler Nilson
3278,Helen McCrory
3279,Louis Ashbourne Serkis
3280,Peter Amundson
3281,Guneet Monga
3282,Tristan Oliver
3283,Danny Huston
3284,Hayley Atwell
3285,Tioreore Ngatai-Melbourne
3286,Richard Stanley
3287,Rupert Grint
3288,Jim Reardon
3289,Buddy Patrick
3290,Simon Kinberg
3291,Camilla Rutherford
3292,Sôsuke Ikematsu
3293,Leo Bill
3294,Todd Makurath
3295,Sharon Stone
3296,Bria Vinaite
3297,Damien Chazelle
3298,Mikel Lejarza
3299,John Ortiz
3300,Didier Lupfer
3301,Guy East
3302,Kristie Macosko Krieger
3303,Lars Rudolph
3304,Carter Burwell
3305,Sophie Mas
3306,Fraser Ash
3307,Lauren Bacall
3308,Rome Shadanloo
3309,Jason Sudeikis
3310,Amy Adams
3311,Charles Winkler
3312,Sean McKittrick
3313,Natascha McElhone
3314,Claude Barras
3315,Karl Bruckschwaiger
3316,David Paymer
3317,Tim White
3318,Peter Weir
3319,Adam Brody
3320,Valeria Cotto
3321,Joe Pesci
3322,Billy Boyd
3323,Cecilia Roth
3324,Ed Harris
3325,Tommy Lee Jones
3326,Phaldut Sharma
3327,Anita Gou
3328,Shanley Caswell
3329,Peter Cilella
3330,Tara Farney
3331,Agata Kulesza
3332,Sofia Coppola
3333,Roy Conli
3334,Alexxis Lemire
3335,Anthony Bregman
3336,Natalie Portman
3337,J. Miles Dale
3338,Sela Ward
3339,Mark Margolis
3340,Steven Weisberg
3341,Patrik Andersson
3342,Alec Sokolow
3343,Jeni Courtney
3344,Mercedes Gamero
3345,Jim Carrey
3346,Millicent Simmonds
3347,Stanley Tucci
3348,Scoot McNairy
3349,Paul Walter Hauser
3350,Diabolo
3351,Hayley Law
3352,Dave Chappelle
3353,Julian Sands
3354,Grace Fulton
3355,Jane Perry
3356,Bill Wise
3357,Tom Karnowski
3358,Temuera Morrison
3359,Andrea Riseborough
3360,Pete Czernin
3361,Bruce Cummings
3362,Dwayne Johnson
3363,Leigh Whannell
3364,Elika Portnoy
3365,Mark Rylance
3366,Mark Burton
3367,Simon Farnaby
3368,Alice De Lencquesaing
3369,Cassian Elwes
3370,Debbon Ayer
3371,Ed Asner
3372,John Roach
3373,Matt Jackson
3374,Gunnel Fred
3375,Kirk Wise
3376,Anthony Daniels
3377,David Lowery
3378,Greg Gilreath
3379,Andreas Kundler
3380,John Ridley
3381,Doris Morgado
3382,Clive Ashborn
3383,Mark Ruffalo
3384,Kim Woo-taek
3385,Jamey Sheridan
3386,Emily Mortimer
3387,Christina Steinberg
3388,Benjamin Esdraffo
3389,Greta Gerwig
3390,Christi Soper Hilt
3391,Michael Beugg
3392,Valentin Rotelli
3393,Anna Faris
3394,Justin Edwards
3395,Melissa Kirkendall
3396,Drew Seltzer
3397,Lois Smith
3398,David C. Glasser
3399,Jeroen Krabbé
3400,Ethan Coen
3401,Tommy Chong
3402,Anthony Bagarozzi
3403,Rick Overton
3404,Christopher Markus
3405,John K. Carr
3406,Aaron Ryder
3407,Ashley Padilla
3408,Stephen Woolley
3409,Neal Dodson
3410,Frank Pavich
3411,Eliza Hittman
3412,Samantha Morton
3413,Pietro Scalia
3414,Scott Beck
3415,Lorraine Toussaint
3416,Alexander Michaletos
3417,Eileen Colgan
3418,Gwi-hwa Choi
3419,Richard Webber
3420,Hiram Garcia
3421,Guy Busick
3422,Philippe Rousselot
3423,Juan Pablo Olyslager
3424,Victoria Eagger
3425,Scott Frank
3426,Jonathan Goldstein
3427,Alain Guellaff
3428,Jeremy Renner
3429,Pom Klementieff
3430,Daniel Grove
3431,Cornell Kofi Royal
3432,Justin Brown
3433,Amy Ryan
3434,Michael Boughen
3435,Mark Tildesley
3436,Kate Winslet
3437,Bob Odenkirk
3438,Angela Bassett
3439,Kelly Fremon Craig
3440,Greg Newman
3441,Abigail Breslin
3442,Tyler Perry
3443,Mark Dacascos
3444,Zhang Jingchu
3445,John Goodman
3446,Cary Granat
3447,Alec McCowen
3448,Charlotte Coleman
3449,Broderick Johnson
3450,Choi Woo-sik
3451,John Ottman
3452,Elizabeth Rodriguez
3453,Milad Eghbali
3454,Sarah Esberg
3455,Eva Green
3456,Park Chan-wook
3457,Zac Efron
3458,Emily V. Gordon
3459,Bill Gerber
3460,Nicole Kidman
3461,Orto Ignatiussen
3462,Peggy Regan
3463,Wally Wolodarsky
3464,Abhishek Redkar
3465,Makoto Shinkai
3466,Ralph Fiennes
3467,Erik von Detten
3468,Bradley Banton
3469,Tom Everett Scott
3470,Chris Cooper
3471,Karren Karagulian
3472,Joel Coen
3473,Bryan Cranston
3474,Wolfgang Novogratz
3475,Alison Brie
3476,Clint Eastwood
3477,Cloris Leachman
3478,Richard Linklater
3479,Jeff Pidgeon
3480,Caryn Capotosto
3481,Tommy Hicks
3482,Jean Labadie
3483,Tracie Thoms
3484,Jean-Christophe Colson
3485,Lois Chiles
3486,Francis Ford Coppola
3487,Cali Sheldon
3488,Alan Fine
3489,Robert Chartoff
3490,James Wilby
3491,Mark Livolsi
3492,Bill Damaschke
3493,Richard Farnsworth
3494,Judah Friedlander
3495,Xavier Samuel
3496,Zoe Saldana
3497,Gary Sinise
3498,Declan Baldwin
3499,Matthew McConaughey
3500,Christian Clemenson
3501,Rita Hsiao
3502,Ned Beatty
3503,Jenno Topping
3504,Nina Yang Bongiovi
3505,Ann Cusack
3506,Viola Davis
3507,Peter Saraf
3508,Roger Deakins
3509,Stephen Graham
3510,Michael Green
3511,Steve Alpert
3512,László Kovács
3513,Madeline Brewer
3514,Brad Kane
3515,Michael Simmonds
3516,Nick Frost
3517,Andrew Niccol
3518,Kevin Willmott
3519,Jeff Fradley
3520,Frederick W. Green
3521,Nik Powell
3522,Atsushi Okui
3523,Ivan Raimi
3524,Bill Carraro
3525,Madison Curry
3526,Joy Sunday
3527,Suhail Aldabbach
3528,Asia Kate Dillon
3529,Dean Stockwell
3530,Stefan Duscio
3531,Ben Falcone
3532,K.J. Apa
3533,Erica Matlin
3534,Zendaya
3535,Rob Tapert
3536,Jane Horrocks
3537,Gary Oldman
3538,Portia Doubleday
3539,Peter Ramsey
3540,Trevor Jones
3541,Margot Robbie
3542,Ari Aster
3543,Gregory Jacobs
3544,Brigham Taylor
3545,Fred Berger
3546,Jeffrey Tambor
3547,Jessica Rothe
3548,Gary Williamson
3549,Ram Bergman
3550,Rooney Mara
3551,Jerry Orbach
3552,Jeffrey Wright
3553,Cassandra Morris
3554,Billy Bob Thornton
3555,Celestia Fox
3556,Cobie Smulders
3557,Claire Selby
3558,Amanda Marshall
3559,Jim True-Frost
3560,David Reynolds
3561,Richard A. Harris
3562,June Squibb
3563,Simon Shepherd
3564,Adrienne Biddle
3565,Diane Minter Lewis
3566,Vilhelm Blomgren
3567,Wesley Strick
3568,Auli'i Cravalho
3569,Olivia Luccardi
3570,Doug Chamberlain
3571,Jason Headley
3572,Dev Patel
3573,Dash Mihok
3574,Renato Falcão
3575,Jeremy Kipp Walker
3576,Billy Magnussen
3577,James Earl Jones
3578,Barry Corbin
3579,David Hoberman
3580,Zack Snyder
3581,Zhao Tao
3582,Dylan Gelula
3583,Frances Sternhagen
3584,Nik Bower
3585,Julieta Serrano
3586,Sam Hoffman
3587,Andree Bernard
3588,Ruby Harris
3589,Sergio Pablos
3590,Scott Rudin
3591,Stewart Arnott
3592,Kristen Anderson-Lopez
3593,Philippe Volter
3594,Hugh Keays-Byrne
3595,Cassi Thomson
3596,Gary Gilbert
3597,James Whitaker
3598,John F. Lyons
3599,Michael J. Luisi
3600,Keith Barish
3601,Ben Mendelsohn
3602,Asa Butterfield
3603,Rory Cochrane
3604,John Fell Ryan
3605,Basher Savage
3606,Laurie Metcalf
3607,J.J. Abrams
3608,Cara Buono
3609,Catherine Keener
3610,Heinz Stussak
3611,Paul Rae
3612,Dave Bautista
3613,Karim Hussain
3614,Anthony Katagas
3615,Erik Sommers
3616,Franck Cabot
3617,Simon Abkarian
3618,Robert Teitel
3619,Rosa Tran
3620,Doug Liman
3621,Michael Chiklis
3622,Toni Collette
3623,Catie Harvey
3624,Andy Bohn
3625,Bradford Lewis
3626,Elizabeth Peña
3627,Bob Pauley
3628,Patrick Wilson
3629,Christian Camargo
3630,Asier Etxeandia
3631,Lena Headey
3632,Cristin Milioti
3633,Pedro Casablanc
3634,Emma Louise Webb
3635,R. Scott Fort
3636,John Mulaney
3637,Ben Browning
3638,Thomas R. Burke
3639,Gary Trousdale
3640,Bill Smitrovich
3641,Brian d'Arcy James
3642,Ryan Kavanaugh
3643,James Lassiter
3644,Keir Gilchrist
3645,David Parfitt
3646,Maggie Renzi
3647,David Andrews
3648,Claire Duburcq
3649,Richard Masur
3650,Diankou Sembene
3651,Chris Gill
3652,Shannon Kook
3653,Zoey Deutch
3654,Aksel Hennie
3655,Cary Fukunaga
3656,LaKeith Stanfield
3657,Bríd Brennan
3658,Jeff Daniels
3659,Adam Greenberg
3660,Christopher Alender
3661,Federico Luppi
3662,Jordan Howard
3663,Peter Dinklage
3664,Nimrat Kaur
3665,Robert E. Pfaff
3666,Noah Baumbach
3667,Carmen Ejogo
3668,Tom Hanks
3669,Sheldon Turner
3670,Louise Rosner-Meyer
3671,Ben Burtt
3672,Edward L. McDonnell
3673,Frank Schorpion
3674,Kaycee Moore
3675,Marco Beltrami
3676,Hugues Quester
3677,Geefwee Boedoe
3678,Brian Blessed
3679,Stephen Fry
3680,Maureen Donley
